time,ax (m/s^2),ay (m/s^2),az (m/s^2),aT (m/s^2)
0.003866,0.0227,-0.1139,-0.2477,0.274
0.004561,-0.0083,-0.1416,-0.2036,0.248
0.014795,-0.0256,-0.1665,-0.1459,0.223
0.049462,-0.0561,-0.2025,-0.0886,0.228
0.050107,-0.0862,-0.2093,0.2125,0.311
0.050483,-0.1020,-0.2281,0.2388,0.346
0.055266,-0.1171,-0.2318,0.2762,0.379
0.065985,-0.0909,-0.2344,0.2712,0.370
0.075666,-0.0504,-0.2226,0.2775,0.359
0.084628,0.4539,0.2102,0.2527,0.560
0.100511,0.4417,0.2191,0.2227,0.541
0.104435,0.4441,0.2261,0.2011,0.537
0.114882,0.4474,0.2318,0.1756,0.534
0.129599,0.4646,0.2504,0.1483,0.548
0.135988,0.0322,0.2673,0.1207,0.295
0.145773,0.0218,0.2538,0.1071,0.276
0.154524,0.0106,0.0052,0.0814,0.082
0.166266,0.0124,-0.0015,0.0846,0.086
0.176234,-0.0000,-0.0108,0.0894,0.090
0.176891,-0.0000,-0.0108,0.0894,0.090
0.192586,-0.0129,-0.0626,0.1090,0.126
0.195146,-0.0124,-0.1015,0.1158,0.154
0.212887,-0.0118,-0.1248,0.1233,0.176
0.214803,-0.0112,-0.1591,0.1314,0.207
0.223890,-0.0242,-0.1776,0.1401,0.228
0.235257,-0.0234,-0.1943,0.1489,0.246
0.245454,-0.0224,-0.2099,0.1434,0.255
0.254707,-0.0210,-0.2234,0.1509,0.270
0.265110,-0.0328,-0.2189,0.1446,0.264
0.288452,-0.0443,-0.2230,0.1385,0.266
0.289537,-0.0419,-0.2105,0.1324,0.252
0.298647,-0.0256,-0.1965,0.1261,0.235
0.316479,-0.0229,-0.1821,0.1192,0.219
0.317385,-0.0201,-0.1541,0.1116,0.191
0.345145,-0.0308,-0.1268,0.1034,0.166
0.346061,-0.0279,-0.1003,0.0949,0.141
0.346521,-0.0252,-0.0749,0.0866,0.117
0.356590,-0.0227,-0.0370,0.0651,0.078
0.365261,-0.0477,0.2308,0.0578,0.243
0.375295,-0.3181,0.2525,0.0510,0.409
0.397173,-0.3298,0.2863,0.0445,0.439
0.398119,-0.3283,0.3170,0.0246,0.457
0.405787,-0.3271,0.3568,-0.0086,0.484
0.415022,-0.3128,0.6219,-0.0281,0.697
0.429516,-0.3127,0.6213,-0.0339,0.696
0.436846,-0.2995,0.6421,-0.0668,0.712
0.444055,-0.2459,0.6583,-0.1130,0.712
0.455885,0.1748,0.6570,-0.4441,0.812
0.465652,0.5537,0.6656,-0.7316,1.134
0.475038,1.0266,0.6441,-0.7693,1.435
0.484393,1.4433,0.6350,-1.2360,2.004
0.494121,1.8568,0.5828,-1.5934,2.515
0.510814,1.8435,0.2151,-1.5503,2.418
0.514236,1.8263,-0.1927,-1.5046,2.374
0.523812,1.8204,-0.6639,-1.4354,2.411
0.536101,1.7985,-1.1141,-1.3551,2.512
0.545043,1.7741,-1.6171,-1.2607,2.711
0.555574,1.3661,-2.0044,-1.1253,2.674
0.566233,0.9163,-2.0200,-0.9838,2.427
0.574649,0.1806,-2.0253,-0.8443,2.202
0.587493,-0.5671,-2.0015,-0.6961,2.194
0.594221,-0.5906,-1.9426,-0.5670,2.108
0.610377,-0.6104,-1.8581,-0.4344,2.003
0.614436,-0.6254,-1.7555,-0.3181,1.891
0.625110,-0.6370,-1.6044,-0.2165,1.740
0.634985,-0.2379,-1.4487,-0.1262,1.474
0.648469,0.2031,-0.9955,-0.0726,1.019
0.655804,0.6452,-0.8488,-0.0278,1.066
0.665933,1.1015,-0.4273,-0.0170,1.182
0.677112,1.5038,-0.2908,-0.0113,1.532
0.687937,1.7565,0.2014,-0.0361,1.768
0.695018,1.7914,0.3028,-0.0494,1.818
0.709331,2.0304,0.4036,-0.0626,2.071
0.716058,2.0493,0.4677,-0.0693,2.103
0.725061,2.0790,0.5254,-0.0673,2.145
0.738469,2.3384,0.5580,-0.0462,2.404
0.745634,2.3237,0.5822,0.0068,2.396
0.755812,2.3198,0.5687,0.0678,2.389
0.765375,2.2995,0.5188,0.1355,2.361
0.775340,2.2777,0.4629,0.2065,2.333
0.796650,2.2551,-0.0179,0.2781,2.272
0.797590,2.2325,-0.4163,0.3758,2.302
0.805443,1.9111,-0.8097,0.4838,2.131
0.814415,1.4143,-0.8581,0.5731,1.751
0.827730,0.6342,-0.9038,1.0770,1.542
0.835637,0.3068,-0.9283,1.1236,1.489
0.844648,0.2982,-0.9476,1.1432,1.515
0.854134,0.2962,-0.9627,1.1474,1.527
0.866219,0.3007,-1.1786,1.1493,1.673
0.874964,0.3102,-1.1202,1.1520,1.637
0.884988,0.3634,-1.0514,1.1192,1.578
0.894291,0.4053,-0.9766,1.0651,1.501
0.912475,0.4354,-0.9000,1.0181,1.427
0.914269,0.4803,-0.4589,0.9392,1.150
0.925117,0.5126,0.1240,0.8704,1.018
0.935065,0.5177,0.8599,0.3108,1.051
0.945181,0.5350,1.5050,0.2586,1.618
0.955680,0.5231,2.0053,0.2118,2.083
0.965757,0.5100,2.0342,0.1745,2.104
0.973934,0.4820,2.0342,0.1459,2.096
0.987899,0.2354,2.4621,0.4221,2.509
0.994170,-0.0517,2.3881,0.6598,2.478
1.010325,-0.5832,2.3153,0.6521,2.475
1.014997,-1.4544,2.2355,0.6275,2.740
1.023773,-2.7872,2.3419,0.5949,3.689
1.034438,-4.1318,2.1919,0.5515,4.710
1.043755,-4.1282,2.0418,0.5008,4.633
1.054098,-4.1093,1.8979,1.0914,4.656
1.064829,-4.0757,1.7640,1.0454,4.562
1.074421,-4.0546,-0.0098,0.9921,4.174
1.087145,-3.1745,-0.9696,0.9474,3.452
1.093784,-3.1512,-1.0218,0.8709,3.425
1.106663,-3.1266,-1.0645,0.8051,3.400
1.114922,-3.1017,-1.0877,0.7258,3.366
1.123724,-2.0021,-1.0990,0.6234,2.367
1.134239,-1.6397,-1.1010,0.4998,2.037
1.144116,-1.6195,-0.1512,-0.4201,1.680
1.153936,-1.6012,-0.1160,-1.1817,1.993
1.164727,-1.5851,-0.0847,-1.2253,2.005
1.174856,-1.1505,-0.0453,-1.2662,1.711
1.186788,-1.1018,0.0058,-1.2858,1.693
1.193798,-1.0568,-0.7592,-1.2906,1.833
1.207441,-0.4417,-1.2951,-1.0435,1.721
1.214389,-0.4143,-1.2479,-0.4760,1.398
1.223800,-0.3758,-1.2026,-0.0764,1.262
1.234076,-0.3530,-1.1586,-0.0505,1.212
1.244717,-0.0047,-1.1172,-0.0202,1.117
1.253862,0.4241,-1.0914,0.0410,1.172
1.264877,0.4437,-1.0514,0.1170,1.147
1.274069,0.4496,-1.0082,0.1919,1.121
1.286667,0.4568,-0.9586,0.4928,1.171
1.293821,0.4802,-0.9119,0.5238,1.156
1.307101,0.7380,-0.8410,0.5289,1.238
1.314320,0.7384,-0.7680,0.5396,1.194
1.323608,0.7530,-0.6969,0.7777,1.287
1.336069,0.7555,-0.6294,0.7902,1.261
1.345522,1.0589,-0.5661,0.7962,1.441
1.354374,1.4310,-0.5070,0.7575,1.697
1.365794,1.8578,-0.4517,0.7308,2.047
1.374520,2.3928,-0.3998,0.2975,2.444
1.387908,2.3955,-0.3373,0.2491,2.432
1.395135,2.3971,-0.2914,0.2457,2.427
1.410989,2.3974,-0.2617,0.2339,2.423
1.414271,2.3963,-0.2478,0.2411,2.421
1.425828,2.6664,-0.2496,0.2399,2.689
1.437445,2.6628,-0.2123,0.2436,2.682
1.444956,2.6582,-0.1629,0.2653,2.676
1.456045,2.6525,-0.1010,0.2911,2.670
1.465363,2.6458,-0.0405,0.3209,2.666
1.475012,3.0465,0.0051,0.3557,3.067
1.484539,3.0372,0.4710,0.3823,3.097
1.494494,3.0264,0.4987,-0.4700,3.103
1.511574,3.0128,0.5375,-1.0120,3.223
1.514325,2.9959,0.5593,-0.9551,3.194
1.525677,1.6821,0.5892,-0.8871,1.991
1.536972,0.6659,0.5841,-0.8110,1.201
1.545391,0.6286,0.0683,-0.7559,0.985
1.556272,0.6036,-0.3582,-1.3097,1.486
1.565525,0.5784,-0.3519,-0.7343,0.999
1.574371,0.5532,-0.3592,-0.6381,0.918
1.588543,0.5140,-0.3650,-0.5574,0.841
1.594268,0.4890,-0.3688,-0.4815,0.779
1.612372,0.4644,0.6076,-0.3949,0.861
1.614806,0.4428,1.2800,-0.3306,1.394
1.625104,-1.5081,1.2907,-0.2790,2.005
1.634765,-3.0139,1.3154,-0.2231,3.296
1.644085,-3.9135,1.7121,-0.1975,4.276
1.655769,-3.9236,2.0325,-0.1684,4.422
1.665689,-3.9164,3.0028,-0.7046,4.985
1.674226,-3.9175,2.9139,-0.7074,4.933
1.688347,-3.9029,2.8095,-0.7429,4.866
1.694850,-3.8874,2.6925,-0.7830,4.793
1.713462,-2.4564,2.5672,-0.8238,3.647
1.714409,-0.8507,0.8677,-0.8633,1.491
1.726839,-0.0781,-1.0933,-0.9012,1.419
1.738000,-0.0841,-2.3566,-0.8820,2.518
1.744315,-0.0786,-2.4341,-0.4500,2.477
1.757418,-0.0773,-2.4748,-0.4420,2.515
1.765586,-0.0799,-2.4799,-0.4483,2.521
1.775188,-1.4868,-2.4599,-0.4355,2.907
1.788286,-1.5045,-1.0814,-0.4226,1.900
1.794855,-1.5087,0.3212,-0.6818,1.687
1.812992,-1.5138,1.2685,-0.7212,2.103
1.814447,-1.5208,1.7822,-1.0418,2.564
1.824803,-0.4544,1.8602,-1.4515,2.403
1.834348,0.4743,1.9323,-1.4083,2.438
1.844832,1.0754,1.9944,-1.3770,2.651
1.857438,1.1007,1.9988,-1.3339,2.643
1.865628,1.1228,1.9597,-1.2810,2.597
1.875953,1.1440,0.9389,-0.8325,1.698
1.884318,1.1657,-0.2205,0.4843,1.281
1.896022,1.1873,-1.2625,0.9410,1.972
1.911849,1.5771,-1.3370,0.9991,2.296
1.914627,1.5861,-1.4017,1.0408,2.359
1.925499,1.5959,-1.4405,1.0811,2.406
1.936097,1.5945,-1.4494,1.1170,2.427
1.944998,1.5972,-1.4256,1.1167,2.415
1.955642,1.6026,-0.8059,0.8926,2.004
1.965817,0.9039,-0.2188,0.8905,1.288
1.975127,0.8923,0.3541,0.8472,1.280
1.988150,0.8990,0.4632,0.0028,1.011
1.995683,0.9225,0.5510,-0.0056,1.075
2.013149,0.9322,0.6337,-0.0283,1.128
2.018318,1.5659,0.7048,-0.0455,1.718
2.025915,1.6109,0.7655,-0.0698,1.785
2.037699,1.6264,0.4919,-0.0748,1.701
2.044599,1.6521,-0.0701,-0.0712,1.655
2.055687,1.6614,-0.0716,-0.0335,1.663
2.065769,1.6679,-0.0889,-0.0022,1.670
2.074401,1.1275,-0.1190,0.4427,1.217
2.087540,0.5575,-0.1795,0.8520,1.034
2.094646,0.2184,-0.2484,0.8946,0.954
2.113157,0.2083,-0.2971,0.9183,0.987
2.114355,0.2012,-0.3401,0.9620,1.040
2.125365,0.1974,-0.3796,1.2294,1.302
2.138338,0.1702,-0.4256,1.2428,1.325
2.145184,0.1359,-0.4442,1.2550,1.338
2.155271,0.1076,-0.4524,1.2529,1.336
2.165825,0.0980,-0.4420,1.6608,1.721
2.174667,0.0798,-0.4289,1.6198,1.678
2.188126,-0.8985,-0.0340,2.0236,2.214
2.195171,-1.7192,-0.0086,1.9288,2.584
2.213223,-2.5770,0.0132,1.8210,3.155
2.214962,-3.1220,0.5600,1.3291,3.439
2.225806,-3.0821,1.1110,1.2305,3.500
2.235017,-3.0422,1.1055,1.1142,3.423
2.243985,-3.0309,1.0895,0.9698,3.364
2.255353,-3.3628,1.0661,0.5160,3.565
2.265574,-3.3571,1.0364,0.3935,3.535
2.274652,-3.3676,0.5668,0.2752,3.426
2.288299,-3.3547,-0.0388,-0.2974,3.368
2.294308,-3.3725,-0.5730,-0.3706,3.441
2.313876,-3.3942,-1.0188,-0.8813,3.652
2.315293,-3.4057,-1.6482,-0.9724,3.906
2.325760,-3.4200,-1.9164,-1.0393,4.056
2.334565,-3.4242,-1.9138,-1.0924,4.072
2.344049,-2.3562,-1.8917,-1.1016,3.216
2.357033,-1.2374,-1.8484,-1.1081,2.485
2.365389,-0.4623,-1.7899,-1.0751,2.139
2.374731,0.0379,-1.1504,-1.0468,1.556
2.388020,0.0454,-0.7215,-0.7250,1.024
2.395394,0.0642,-0.0590,-0.6826,0.688
2.412412,0.0815,0.3276,-0.6502,0.733
2.414400,0.0975,0.3946,-0.5866,0.714
2.425919,0.4666,0.4523,-0.2477,0.695
2.437732,0.4543,0.4950,-0.1667,0.692
2.445136,0.4572,0.5230,0.4682,0.838
2.455013,0.4617,0.2270,0.5267,0.736
2.465389,0.7129,0.2072,0.5671,0.934
2.476250,0.6938,0.1792,0.9281,1.173
2.487766,0.7172,0.1594,0.9432,1.196
2.494154,0.7298,0.1332,0.9495,1.205
2.506462,1.1542,0.0746,0.9586,1.502
2.514834,1.6224,0.0279,0.9433,1.877
2.525532,2.1611,-0.0173,0.9187,2.348
2.534752,2.7967,-0.0589,0.8872,2.935
2.544099,3.3511,-0.0810,0.8795,3.466
2.555861,3.7149,-0.1219,0.8556,3.814
2.565927,4.0227,-0.1544,0.8359,4.112
2.574353,4.0291,-0.1688,0.8217,4.116
2.588312,4.0335,-0.1796,0.8146,4.119
2.594192,4.0355,-0.1724,0.8021,4.118
2.613244,4.0352,-0.1610,0.8119,4.119
2.614505,4.0324,-0.1458,0.8166,4.117
2.625003,3.7275,-0.1423,0.0546,3.731
2.634935,2.8222,-0.1390,0.0725,2.827
2.644286,1.7942,-0.1232,0.0907,1.801
2.655736,0.9432,-0.1227,0.1090,0.957
2.665669,0.0508,-0.6657,0.1289,0.680
2.675050,0.0415,-0.6269,0.1128,0.638
2.688181,0.0329,-0.5850,0.1062,0.595
2.694441,0.0253,-0.5450,0.0951,0.554
2.713317,0.0186,-0.5075,0.0810,0.514
2.714485,0.0386,-0.4176,-0.7757,0.882
2.743477,0.0409,0.2630,-2.1051,2.122
2.744359,0.0403,0.2953,-2.0597,2.081
2.744775,0.0395,0.6336,-2.0122,2.110
2.759119,0.0393,0.6392,-1.9655,2.067
2.766199,0.0112,0.6668,-1.9156,2.028
2.774185,-0.0329,0.7034,-1.8163,1.948
2.786389,-0.5977,0.7196,-1.7060,1.946
2.793798,-1.6141,0.6871,-1.2343,2.145
2.805473,-3.1070,0.6444,-1.1573,3.378
2.823309,-3.1400,0.6063,0.1108,3.200
2.830466,-3.1701,0.2775,0.1708,3.187
2.837792,-3.1830,0.2470,0.2190,3.200
2.848280,-3.2040,0.2040,0.2500,3.220
2.855033,-3.2040,0.1626,0.2587,3.219
2.865869,-1.4436,0.1253,-0.1250,1.454
2.874550,-1.4390,1.3295,-0.8803,2.148
2.884366,-1.4331,2.5053,-0.8909,3.021
2.894908,-1.4247,2.4756,-0.9077,2.997
2.904777,-1.4142,2.4219,-0.9298,2.955
2.915579,-1.6755,2.3587,-0.9538,3.046
2.924692,-1.6781,2.2853,-0.4603,2.872
2.948058,-1.6682,0.1790,0.0892,1.680
2.949105,-1.6596,-0.4941,0.0820,1.734
2.956294,-1.6527,-0.5620,0.0642,1.747
2.965536,-1.1579,-0.6241,0.0523,1.316
2.982745,-0.1217,-0.6808,0.0493,0.693
2.986212,0.6263,-0.7320,-0.3431,1.023
2.994001,1.5900,-0.1233,-0.7561,1.765
3.005767,2.7283,0.5523,-0.7263,2.877
3.014843,3.7536,0.5350,-0.6978,3.855
3.025270,4.5164,0.5285,-0.6580,4.595
3.049220,4.4850,0.5328,-0.6058,4.557
3.050070,4.4609,0.5478,-0.5228,4.525
3.056104,4.4293,0.5260,-0.0125,4.460
3.065065,4.3893,-0.4953,0.1359,4.419
3.075342,3.7707,-1.2945,0.8014,4.066
3.084362,3.0135,-1.9195,1.3867,3.833
3.085237,3.0135,-1.9195,1.3867,3.833
3.100377,1.9969,-1.8867,1.5061,3.133
3.105946,1.9473,-1.8655,1.6214,3.147
3.114769,1.9011,-1.8370,1.7252,3.157
3.131628,1.8681,-1.4235,1.7429,2.925
3.139387,1.8332,-0.7324,1.4199,2.432
3.144172,1.7792,-0.1848,1.4316,2.291
3.155181,1.7466,-0.0682,0.9207,1.976
3.165479,1.7222,0.3349,0.5950,1.853
3.175292,1.3899,0.6665,0.1064,1.545
3.184634,0.8300,0.7673,0.0857,1.134
3.194111,0.2986,1.2234,0.0505,1.260
3.205641,-0.2475,1.2511,0.0217,1.276
3.214024,-0.8092,1.2391,0.0005,1.480
3.229289,-0.8527,1.1961,0.7703,1.659
3.234497,-1.6305,1.1457,0.7766,2.139
3.245515,-1.6561,1.0747,1.0093,2.217
3.254934,-1.6644,0.9984,1.6273,2.533
3.264998,-2.0653,0.9238,1.5975,2.770
3.273919,-2.6232,0.8480,1.8231,3.305
3.285459,-3.3489,0.8280,2.0782,4.027
3.294577,-3.3469,1.4888,1.9880,4.168
3.306491,-3.3279,1.4145,1.8704,4.071
3.314904,-3.2959,1.3445,1.3942,3.823
3.324100,-3.2654,1.2794,1.2290,3.716
3.348643,-3.2370,1.2180,0.4236,3.484
3.349468,-2.7630,1.1341,0.3177,3.004
3.354294,-2.3742,-0.0880,0.2039,2.385
3.364794,-2.3432,-1.3853,-0.2025,2.730
3.374567,-2.3161,-1.4108,-0.3136,2.730
3.385483,-2.2927,-1.4415,-0.4282,2.742
3.394147,-2.2728,-1.4548,-0.5167,2.748
3.405141,-2.6514,-1.4663,-0.5775,3.084
3.415475,-3.0200,-1.4053,-0.6500,3.394
3.424204,-3.0102,-0.7989,-0.6953,3.191
3.450450,-3.0023,-0.7381,-0.7323,3.177
3.451148,-2.9964,-0.6819,-0.7617,3.166
3.454372,-2.9922,-0.6190,-0.7706,3.151
3.465355,-1.8321,-0.5506,-0.7605,2.059
3.475546,-0.1693,-0.5236,-0.3248,0.639
3.487365,1.3692,-0.4887,-0.0616,1.455
3.494704,1.7208,-0.4744,-0.0373,1.785
3.506375,1.7037,-0.4677,-0.0101,1.767
3.515349,1.7002,-0.4534,0.2885,1.783
3.524233,1.6966,-0.4715,0.3418,1.794
3.543056,1.6928,-0.6840,0.3954,1.868
3.543895,-0.1081,-0.6503,0.4321,0.788
3.554108,-0.1254,-0.6178,0.4572,0.779
3.566764,-0.1294,-0.5584,0.5102,0.767
3.576315,-0.1326,-0.4973,0.5324,0.740
3.585828,-0.1348,-0.4764,0.5635,0.750
3.594132,1.2947,-0.4567,0.5751,1.488
3.605121,2.4939,-0.4100,0.5676,2.590
3.614153,3.4215,-0.3489,0.5295,3.480
3.631626,3.4094,-0.3003,0.4900,3.457
3.636716,3.4105,-0.2642,0.4515,3.450
3.644266,3.4107,-0.2272,0.4292,3.445
3.657140,3.4234,-0.2040,0.3971,3.452
3.665585,2.5900,-0.2080,0.3844,2.627
3.675323,2.5448,-0.1985,0.3648,2.578
3.685257,2.5248,-0.1617,0.3659,2.556
3.694229,2.4891,-0.1113,0.3332,2.514
3.706238,2.4649,-0.0746,-0.1411,2.470
3.715426,2.1675,-0.0262,-0.1094,2.170
3.724536,2.1424,0.4816,-0.0765,2.197
3.751129,2.1441,0.5084,-0.0689,2.205
3.751940,2.1312,0.5308,-0.0574,2.197
3.756668,2.1172,0.5485,-0.0409,2.187
3.765566,0.4421,0.5559,-0.0103,0.710
3.775678,0.4166,0.1548,-0.5944,0.742
3.787267,0.4043,-0.8041,-0.5787,1.070
3.795983,0.4051,-1.1058,-0.5496,1.300
3.805479,-0.3837,-1.1025,-0.4966,1.269
3.816070,-0.3973,-1.0891,-0.4434,1.241
3.825220,-0.4243,-1.0682,-0.3942,1.215
3.844470,-0.4361,-1.0438,-0.3921,1.197
3.845488,-0.4463,-0.0929,-0.3960,0.604
3.855015,-1.0541,0.2173,-0.4049,1.150
3.865517,-1.7970,0.9198,-0.4168,2.061
3.875711,-2.2788,1.3816,-0.4191,2.698
3.884869,-2.6498,1.4266,-0.4242,3.039
3.894492,-2.6502,1.4512,-0.4357,3.053
3.905078,-2.6474,1.7482,-0.4523,3.205
3.914781,-2.6409,1.7091,-0.4594,3.179
3.929073,-2.6316,1.6650,-0.4833,3.151
3.934938,-1.5730,1.6402,-0.4943,2.326
3.944151,-0.5417,1.9327,-0.7629,2.147
3.955647,-0.4918,1.8558,-1.0412,2.184
3.964250,-0.4569,1.7526,-1.0432,2.090
3.976081,-0.4237,1.6414,-1.4097,2.205
3.985410,-0.4063,1.5156,-1.4063,2.107
3.995812,-0.3915,0.8245,-1.3992,1.671
4.007171,-0.8576,0.6859,-1.0429,1.514
4.014750,-1.7351,0.2976,-0.7769,1.924
4.032823,-2.1656,-0.0532,-0.7650,2.297
4.034584,-2.1895,-0.1086,-0.7491,2.317
4.045495,-2.2011,-0.1838,-0.7306,2.326
4.059324,-2.2132,-0.2372,-0.7120,2.337
4.064792,-2.2244,-0.2781,-0.6688,2.339
4.076468,-1.5804,-0.2909,-0.6291,1.726
4.085362,-0.8807,-0.2889,-0.5924,1.100
4.095800,0.2154,-0.2869,-0.5585,0.664
4.106929,1.7485,-0.2739,-0.5271,1.847
4.114555,3.5133,-0.2422,-0.4821,3.554
4.136616,3.4915,-0.2186,0.0050,3.498
4.137849,3.4807,-0.1949,0.3630,3.505
4.145993,3.4668,-0.1875,0.4289,3.498
4.154837,3.4505,-0.6546,0.7322,3.588
4.166007,3.4180,-1.0203,0.7829,3.652
4.175210,2.9202,-1.0116,0.8518,3.206
4.188676,2.8966,-0.9955,0.9395,3.204
4.194255,2.8716,-0.9591,1.0289,3.198
4.204441,2.8457,-0.9312,1.1187,3.196
4.215504,2.8053,-0.8858,1.2083,3.180
4.231295,2.7657,-0.8140,1.2803,3.155
4.237148,2.7318,-0.7271,1.3512,3.133
4.244610,2.7178,-0.3104,1.3651,3.057
4.254612,2.6958,0.1217,1.3652,3.024
4.266872,1.6152,0.6336,0.9877,1.997
4.274970,0.5756,0.6896,0.1469,0.910
4.285398,-0.0474,0.7225,0.1212,0.734
4.296340,-0.0829,0.7351,0.1073,0.748
4.306161,-0.1045,0.7401,0.0938,0.753
4.315427,-0.1238,0.0866,0.0757,0.169
4.325730,-0.1308,0.0365,-0.2379,0.274
4.350022,-0.1403,-0.0083,-0.2450,0.282
4.350874,-0.1502,-0.0572,0.0351,0.165
4.354683,-0.1597,-0.0943,0.0284,0.188
4.365490,-0.1690,-0.1451,0.0348,0.225
4.375409,-0.1650,-0.1393,0.0415,0.220
4.389296,-0.1750,0.2233,0.0487,0.288
4.394165,-1.3014,1.1320,-0.0001,1.725
4.405424,-3.1475,1.5500,-0.0539,3.509
4.414970,-4.2263,1.5379,0.7948,4.567
4.433703,-4.2347,1.7455,1.1618,4.725
4.434863,-4.2231,1.7097,1.1044,4.688
4.445964,-4.2075,1.6395,1.0360,4.633
4.455662,-4.1894,1.5366,0.9587,4.564
4.465084,-4.1401,1.4263,1.5218,4.636
4.475898,-4.0882,0.3362,1.4200,4.341
4.485491,-3.5059,-0.3936,1.3156,3.765
4.496737,-3.0888,-0.7075,0.8845,3.290
4.504981,-3.0541,-1.1758,0.4655,3.306
4.514367,-2.9664,-1.2107,0.3608,3.224
4.533550,-2.4730,-1.2389,-0.2292,2.775
4.534645,-2.4051,-1.2545,-0.6883,2.799
4.544635,-1.7689,-1.2460,-0.8224,2.315
4.555692,-1.3416,-0.5785,-0.9137,1.723
4.564841,-1.3269,-0.5152,-1.0051,1.743
4.575449,-1.3021,-0.4588,-1.0578,1.739
4.587686,-1.2546,-0.3947,-1.1077,1.720
4.594537,-0.9263,-0.3253,-0.7986,1.266
4.604562,-0.9139,-0.2590,-0.2764,0.989
4.614739,-0.8758,-0.2243,0.1417,0.915
4.628747,-0.8388,-0.1950,0.7673,1.153
4.634827,-0.0671,-0.1708,0.7961,0.817
4.645099,0.8276,-0.1406,0.8098,1.166
4.657922,1.6703,-0.1349,0.8148,1.863
4.668516,1.7118,0.1740,0.8119,1.903
4.679302,1.7546,0.1803,0.8041,1.938
4.686738,1.7843,0.1851,0.7946,1.962
4.695211,1.8024,0.1875,0.7778,1.972
4.705553,1.8368,0.1873,0.7374,1.988
4.714267,1.3955,0.1721,0.7062,1.573
4.729339,1.4039,-0.2240,0.6742,1.573
4.738198,1.4119,-0.2513,0.6425,1.571
4.743913,1.4190,-0.5771,0.6280,1.656
4.757400,1.4250,-0.5619,0.6311,1.657
4.767478,2.1927,-0.5588,0.6515,2.355
4.774337,3.5585,-0.5528,0.6628,3.662
4.784776,4.5957,-0.5415,0.6803,4.677
4.796371,4.5961,-0.5355,0.7037,4.680
4.807478,4.5949,-0.1810,0.7190,4.654
4.815306,4.5921,0.1247,0.6853,4.645
4.824579,4.5876,0.2025,0.6709,4.641
4.847579,3.6419,0.6483,0.6617,3.758
4.848787,2.6545,0.6953,0.6417,2.818
4.855259,1.9258,0.7242,-0.0585,2.058
4.865658,1.8918,0.7500,-0.9901,2.263
4.875431,1.5979,0.7678,-0.9631,2.018
4.888106,1.5856,0.4658,-0.9155,1.889
4.895718,1.5294,-0.5938,-0.8557,1.850
4.904847,0.7741,-1.5842,-0.7813,1.929
4.915002,-0.0792,-2.2953,-0.7038,2.402
4.929347,-0.9042,-2.2650,-0.6361,2.520
4.935679,-1.7544,-2.2179,-0.5802,2.887
4.944956,-2.0715,-2.1580,-0.5355,3.039
4.956351,-2.1157,-2.0844,-0.5388,3.018
4.966375,-2.4598,-1.2838,-0.7762,2.881
4.975909,-2.5171,-0.7143,-0.7467,2.721
4.985315,-2.5712,0.9212,-0.7262,2.826
4.996680,-2.9618,2.1736,-0.7150,3.743
5.006375,-2.9932,2.2072,-0.6860,3.782
5.015407,-3.7272,2.2157,-0.6662,4.387
5.024641,-3.7348,2.1989,-0.6521,4.383
5.048720,-3.7250,2.1571,-0.6550,4.354
5.049807,-3.7145,1.2315,-1.0386,4.049
5.055092,-3.7043,1.1703,-1.5564,4.185
5.064388,-2.6328,1.0992,-1.5655,3.254
5.076036,-1.2634,1.0132,-1.5672,2.254
5.087638,0.0896,0.9157,-1.5600,1.811
5.094803,0.7715,0.7983,-1.5434,1.901
5.105752,0.7686,0.6846,-1.4919,1.813
5.115719,0.7615,0.5944,-1.4319,1.727
5.126295,0.7495,0.5168,-1.0065,1.357
5.150071,0.7317,0.4122,-0.9351,1.257
5.150749,-0.7858,0.3320,-0.8620,1.213
5.153959,-2.1132,0.2710,-0.8033,2.277
5.166465,-2.1334,0.2015,-0.7452,2.269
5.175297,-2.1539,0.1651,-0.6473,2.255
5.184486,-2.1736,0.1486,-0.3214,2.202
5.194211,-2.1912,0.1380,-0.2745,2.213
5.204986,-1.0754,0.1323,-0.2223,1.106
5.215022,0.2072,0.1303,-0.1522,0.288
5.230571,1.5075,0.1312,0.3566,1.555
5.236465,2.6626,0.1204,0.6490,2.743
5.244394,3.6572,-0.1735,1.0295,3.803
5.254954,4.3400,-0.4211,1.0247,4.479
5.265849,4.8984,-0.4728,1.0249,5.027
5.275181,5.3979,-0.4930,1.0366,5.519
5.284439,5.3751,-0.5222,1.0606,5.504
5.295289,5.3606,-0.5190,1.1252,5.502
5.304872,5.3389,-0.5232,1.1938,5.496
5.314357,5.3223,0.0043,1.2686,5.471
5.329644,4.5644,0.0423,1.3686,4.765
5.334521,3.9283,0.0674,1.4410,4.185
5.343891,3.3438,0.1045,1.1497,3.537
5.355214,2.6521,0.5075,1.2334,2.969
5.365569,1.5444,0.5408,1.3017,2.091
5.373959,-0.0323,0.5810,0.9849,1.144
5.384994,-0.0431,0.5528,0.3403,0.651
5.394981,-0.0466,0.0985,0.3479,0.365
5.405086,-0.0458,0.0637,0.0877,0.118
5.415096,-0.0555,0.0136,0.0794,0.098
5.424695,-0.3482,-0.0240,0.0511,0.353
5.461753,-0.3525,-0.7856,0.0313,0.862
5.462638,-0.3425,-0.7751,0.0102,0.847
5.463093,-0.3331,-0.7856,0.0444,0.854
5.466564,-0.7037,-0.7773,0.0622,1.050
5.474656,-1.2242,-0.7600,0.0664,1.442
5.485020,-2.0716,0.0367,0.0159,2.072
5.495186,-3.2994,1.1424,0.0174,3.492
5.505559,-3.6796,1.1666,0.5838,3.904
5.515963,-3.7011,1.4671,1.0445,4.116
5.524532,-3.7175,1.4565,1.0024,4.117
5.539254,-4.2454,1.4349,0.9453,4.580
5.544384,-4.2128,1.4057,0.3366,4.454
5.557545,-4.1393,1.1248,0.2433,4.296
5.564668,-3.7799,0.4457,0.1613,3.809
5.574471,-3.7340,-1.5635,0.0774,4.049
5.585179,-3.6886,-2.5005,-0.0072,4.456
5.595800,-3.6170,-2.8951,-0.1182,4.634
5.605308,-3.5609,-2.8815,-0.5801,4.617
5.615195,-3.5067,-2.8600,-0.6696,4.574
5.623942,-3.4418,-2.8221,-0.7789,4.519
5.649582,-2.7009,-2.7456,-0.8892,3.953
5.650549,-2.6724,-1.9264,-0.9622,3.432
5.654157,-2.1030,-1.1944,-1.0270,2.627
5.665292,-2.1097,-0.5099,-1.0827,2.425
5.675480,-2.0928,0.0405,-1.1033,2.366
5.685191,-0.9351,0.1395,-0.6402,1.142
5.694491,0.0006,0.2303,-0.3838,0.448
5.705538,0.0205,0.3169,-0.3475,0.471
5.715748,0.0536,0.3831,-0.0076,0.387
5.724075,0.3061,0.6771,0.5081,0.900
5.749805,0.3433,0.6640,0.8975,1.168
5.750658,0.6559,0.6158,0.9013,1.274
5.755395,0.6583,0.5507,0.9134,1.253
5.765145,0.6485,0.4794,0.9489,1.245
5.775729,0.6813,0.4183,1.2248,1.463
5.785840,1.0857,0.3528,1.2030,1.658
5.793954,1.5347,0.2881,1.2224,1.983
5.804910,1.8894,0.2272,1.2097,2.255
5.814997,1.9444,0.1563,1.4679,2.441
5.823972,2.2457,0.0890,1.4484,2.674
5.849257,2.7936,0.0119,1.7486,3.296
5.850210,3.6022,-0.0317,1.6861,3.977
5.855116,4.4373,-0.0673,1.3641,4.643
5.865632,4.4392,-0.0957,1.0209,4.556
5.875868,4.4657,-0.1054,0.9444,4.566
5.887641,4.4753,0.4857,0.4299,4.522
5.894074,4.4788,0.5043,-0.7424,4.568
5.906880,3.2517,0.5080,-0.7380,3.373
5.915340,1.9557,0.4982,-0.7305,2.146
5.923936,1.2433,0.5005,-0.9739,1.657
5.946229,1.2195,0.4683,-0.9205,1.598
5.947092,1.1626,0.0770,-0.8178,1.424
5.954970,0.7048,-0.4102,-0.6956,1.072
5.964413,0.6651,-0.4454,-0.2352,0.834
5.975003,0.6110,-0.4769,-0.1301,0.786
5.984815,0.0142,-0.5050,-0.0084,0.505
5.994967,-0.0213,-0.5171,0.1020,0.528
6.004734,-0.0398,-0.5230,0.1856,0.556
6.015399,-0.0523,0.1946,0.2498,0.321
6.024611,-0.1009,0.5427,0.2584,0.609
6.046828,-0.5271,2.3144,0.2428,2.386
6.047827,-0.5283,2.9198,-0.1474,2.971
6.055243,-0.5269,2.8946,-0.1621,2.947
6.064991,-0.5232,2.8397,-0.5618,2.942
6.075261,-1.4301,2.7518,-0.5842,3.156
6.084869,-1.4249,2.6463,-0.5930,3.063
6.094038,-1.4210,0.6769,-0.6429,1.700
6.106252,-1.4177,-0.9316,-0.6806,1.828
6.107336,-1.4177,-0.9316,-0.6806,1.828
6.114661,0.3544,-1.0881,-1.1782,1.642
6.131465,0.3527,-1.1952,-1.1915,1.724
6.141960,0.3469,-1.2788,-1.1801,1.774
6.144135,0.3370,-1.3527,-1.1157,1.786
6.155817,0.3235,-0.8559,-1.0538,1.396
6.164861,-0.5231,-0.5400,-1.0245,1.271
6.174371,-1.6424,-0.5234,-1.0046,1.995
6.184227,-2.2027,-0.4835,-1.2977,2.602
6.194716,-2.2176,-0.2126,-1.2514,2.555
6.203816,-2.2320,-0.1441,-1.2060,2.541
6.214480,-2.2467,-0.0698,-1.1882,2.543
6.227392,-2.2617,0.3229,-1.1717,2.568
6.234003,-1.4997,0.3776,-1.1455,1.924
6.243892,-0.7363,0.4223,-1.1240,1.408
6.255105,0.2188,0.4469,-1.1057,1.213
6.264834,1.3644,0.4796,-1.0743,1.802
6.275353,1.3655,0.4873,-1.0017,1.762
6.284261,1.3663,-0.1425,-0.5610,1.484
6.295000,1.7195,-0.8187,0.0061,1.905
6.304084,2.0145,-1.3565,0.4730,2.474
6.314936,2.2534,-1.6077,0.5213,2.817
6.323843,2.2325,-1.5863,0.5714,2.798
6.343862,2.2109,-1.5532,0.6223,2.773
6.344775,2.1879,-1.5032,0.6753,2.739
6.355742,2.6807,-1.4337,0.6895,3.117
6.365232,2.6561,-0.9875,0.7147,2.922
6.374166,2.6303,-0.3509,0.7265,2.751
6.384759,2.6182,0.0807,0.4361,2.655
6.394081,2.5937,0.2137,0.4677,2.644
6.404442,2.5706,0.3187,0.4811,2.635
6.415475,1.7460,0.4182,0.4886,1.861
6.424891,0.5429,0.5082,0.4900,0.891
6.449108,-0.3031,0.5750,0.4995,0.820
6.449665,-0.3279,0.5824,0.5303,0.853
6.455121,-0.3331,0.3474,0.5528,0.733
6.464020,-0.3316,0.3378,1.2594,1.345
6.474475,-0.3240,0.3156,1.2476,1.327
6.484666,-0.3116,0.2863,1.2270,1.298
6.494798,-0.2936,0.2539,1.1949,1.256
6.504198,-0.2707,0.2486,1.1521,1.209
6.515344,-0.2315,0.2317,0.6394,0.718
6.524839,-0.6399,0.2172,0.1350,0.689
6.545535,-1.1021,0.1917,0.0770,1.121
6.546352,-1.4420,0.1822,0.0184,1.454
6.555935,-1.4292,0.1613,-0.0386,1.439
6.565634,-1.4042,0.1561,-0.0935,1.416
6.576875,-1.4080,0.1394,-0.1325,1.421
6.585818,-1.4136,0.1245,0.1314,1.425
6.596105,-1.8020,0.1384,0.6972,1.937
6.605216,-2.6263,0.9289,1.2487,3.053
6.615639,-3.5991,1.5786,1.2110,4.112
6.625881,-4.4454,1.5446,1.1504,4.845
6.651411,-5.7382,1.4983,-0.1444,5.932
6.652383,-5.7086,1.4466,-0.2182,5.893
6.654078,-5.6763,1.3901,0.9781,5.925
6.664023,-5.6418,1.2896,1.3614,5.945
6.674663,-5.6072,-0.8047,0.7867,5.719
6.685464,-5.1787,-0.8339,0.1426,5.247
6.694222,-2.3563,-0.8709,-0.6860,2.604
6.706070,0.3941,-0.9040,-0.7567,1.243
6.714458,1.0840,-0.9327,-0.8448,1.661
6.724165,1.0881,-0.2171,-1.4090,1.793
6.736404,1.0966,2.5160,-1.4662,3.112
6.745001,1.0977,3.6401,-1.4851,4.082
6.755850,1.0938,3.5904,-1.4884,4.038
6.766146,1.0576,3.5241,-1.4768,3.965
6.776684,0.7684,3.4412,-1.4427,3.810
6.788069,0.7162,3.3405,-0.7886,3.506
6.795066,0.4401,0.8953,0.1213,1.005
6.805435,0.4090,-0.2356,2.2490,2.298
6.815933,0.3835,-2.1576,2.6951,3.474
6.824589,0.3625,-3.2739,2.7456,4.288
6.841397,0.3516,-3.3345,2.7558,4.340
6.845321,0.3611,-3.3746,2.7149,4.346
6.882581,0.4263,-3.3672,2.6433,4.302
6.883576,1.0902,-3.3080,2.5044,4.290
6.884201,1.1228,-2.6613,1.8401,3.425
6.886092,1.1734,-1.9938,1.2410,2.625
6.895337,1.2380,-1.8256,0.4546,2.252
6.905038,1.2994,-1.6284,0.2766,2.102
6.914838,1.3376,-1.4311,0.1106,1.962
6.924060,1.3523,-1.2339,-0.0386,1.831
6.946190,1.3717,-1.0493,-0.1566,1.734
6.947087,1.3695,-1.2369,-0.5406,1.923
6.955452,1.3297,-1.0868,-0.5846,1.814
6.965483,1.2824,-0.9554,-0.5954,1.706
6.976318,1.0265,-0.8412,-0.6268,1.468
6.985407,0.9836,-0.7438,-0.9593,1.562
6.995290,0.9228,-0.4049,-1.2673,1.619
7.006407,0.4231,-0.3096,-1.1924,1.303
7.015142,-0.0096,-0.2372,-1.1126,1.138
7.025082,-0.3336,-0.1728,-1.0590,1.124
7.048257,-0.7518,-0.1177,-1.0100,1.265
7.049392,-0.8006,-0.0713,-1.1976,1.442
7.056078,-0.8349,-0.4394,-1.3749,1.667
7.065451,-0.8681,-0.4584,-1.3109,1.638
7.075451,-0.9006,-0.4823,-1.8482,2.112
7.085292,-1.1921,-0.4971,-1.7849,2.203
7.096538,-1.2116,-0.5153,-1.7202,2.166
7.104445,-1.2311,-0.5226,-1.6558,2.128
7.116604,-1.2504,-0.2194,-1.5923,2.036
7.124494,-1.3068,1.6087,2.3121,3.105
7.146251,-3.8314,1.6246,2.8371,5.037
7.147312,-3.8187,2.3243,3.4385,5.640
7.154672,-3.7937,2.7070,4.3468,6.373
7.165602,-3.7585,2.6649,4.2570,6.273
7.173768,-3.7147,2.8353,4.1383,6.242
7.184229,-1.6240,2.7443,3.0348,4.402
7.194501,-0.2131,3.1797,1.7559,3.639
7.204643,-0.1779,3.6212,1.5689,3.950
7.215629,-0.1329,4.2160,-0.3609,4.233
7.223956,-0.0793,4.0258,-0.5468,4.064
7.251285,-0.0457,3.8173,-0.7322,3.887
7.252035,-1.2484,3.6158,-0.8960,3.929
7.259785,-1.2347,3.4126,-1.0232,3.771
7.265080,-1.2313,1.9981,-1.0751,2.582
7.274762,-1.2356,-0.8655,-0.6433,1.640
7.285169,-1.2444,-3.0505,-0.0841,3.296
7.295118,0.6919,-3.1787,-0.0639,3.254
7.305151,0.6808,-3.2683,-0.0261,3.339
7.317439,0.6722,-3.3241,0.0154,3.391
7.325586,0.6673,-3.3198,0.0624,3.387
7.336099,0.6955,-3.2617,-0.2247,3.343
7.349373,1.1896,-1.7831,-0.5583,2.215
7.355737,1.1796,-0.4853,-1.0849,1.675
7.365156,1.1827,0.3613,-1.4222,1.885
7.375335,1.1839,0.4984,-1.4145,1.911
7.386617,1.2227,0.6399,-1.6581,2.157
7.394181,2.0748,0.7817,-1.6474,2.762
7.405495,2.6183,0.8866,-2.0355,3.433
7.415329,3.1419,0.9350,-1.9359,3.807
7.424509,3.1162,0.9367,-1.8224,3.730
7.451084,3.0861,0.9212,-1.6969,3.640
7.451849,3.0495,0.8404,-1.5401,3.518
7.454119,3.0063,0.3352,-1.3853,3.327
7.465040,2.6070,-0.1395,-1.1960,2.872
7.475198,2.5595,-0.4854,-0.6836,2.693
7.488144,2.4963,-0.5893,-0.5152,2.616
7.494152,2.4043,-0.6827,-0.3503,2.524
7.505848,1.9983,-0.7681,-0.1910,2.149
7.515657,1.9337,-0.8333,-0.0407,2.106
7.525317,1.6135,-0.8828,0.1106,1.843
7.549952,1.1217,-0.8943,0.2467,1.456
7.550664,1.0720,-0.8262,0.3538,1.399
7.557597,0.2800,-0.2244,0.4434,0.570
7.566007,-0.5416,-0.1324,0.5054,0.753
7.577717,-0.8073,0.3128,0.1858,0.885
7.584464,-0.8083,0.3546,0.2053,0.906
7.595524,-0.8198,0.3881,0.2028,0.929
7.604635,-1.3872,0.4108,-0.6373,1.581
7.615514,-1.3982,0.3794,-1.8280,2.332
7.624546,-1.3985,-0.0120,-1.8270,2.301
7.650174,-1.4409,-0.4452,-1.8233,2.366
7.651284,-1.7978,-0.4975,-1.8167,2.604
7.654584,-2.0626,-0.5231,-1.8026,2.789
7.665568,-2.0699,-0.5487,-1.2543,2.482
7.676000,-2.1166,-0.5723,-0.4915,2.247
7.684984,-2.8838,-0.5808,-0.0858,2.943
7.694343,-2.9004,0.1877,-0.0651,2.907
7.705316,-3.2965,0.9834,-0.0623,3.441
7.714996,-3.2957,2.8384,-0.0639,4.350
7.731747,-3.2931,2.8329,-0.0701,4.345
7.738848,-3.2874,2.8098,-0.0847,4.325
7.744842,-3.2759,2.7605,-0.1145,4.285
7.754917,-2.7425,2.6906,0.1151,3.844
7.765974,0.1886,2.5838,0.8309,2.721
7.775076,3.1925,-0.1497,2.6207,4.133
7.785301,3.2026,-2.1775,2.5500,4.637
7.795235,3.2274,-2.2471,2.4751,4.647
7.806256,3.2656,-2.3072,2.3996,4.663
7.815480,3.2909,-2.3523,2.3228,4.665
7.824905,-0.3464,-2.3729,1.0065,2.601
7.849879,-0.7708,-0.7178,0.4174,1.133
7.850588,-0.7489,1.2158,-0.4218,1.489
7.857064,-0.7299,2.0111,-0.5030,2.198
7.865878,-0.7138,2.0206,-0.5755,2.219
7.876815,-0.7004,2.0330,-0.6263,2.240
7.887681,0.1557,2.0485,-0.6716,2.161
7.894148,0.1660,2.0572,-0.7147,2.184
7.906528,0.4381,0.5389,-0.1195,0.705
7.915610,0.4621,-0.8152,0.6037,1.115
7.924163,0.4995,-1.5549,0.6060,1.742
7.951669,0.5094,-1.5714,0.6090,1.761
7.952640,0.5190,-1.5998,0.6130,1.790
7.955657,0.5149,-1.6403,0.6312,1.831
7.965339,0.5119,-1.6608,0.9202,1.967
7.976047,0.5124,-1.6204,0.9185,1.932
7.987030,0.5209,-1.5512,0.8914,1.863
7.994317,0.5497,-1.4599,0.8529,1.778
8.005987,0.5799,-1.3432,0.5111,1.550
8.015219,0.5964,-1.2321,0.4813,1.451
8.026063,0.6264,-1.1079,0.4504,1.350
8.051922,0.6825,-0.9779,0.4197,1.264
8.052677,0.7226,-0.8555,0.3907,1.186
8.054963,0.7468,-0.7569,0.3503,1.120
8.064418,0.7823,-0.6820,-0.0132,1.038
8.075518,0.8022,-0.6301,-0.0325,1.021
8.084277,0.8205,-0.9125,-0.0486,1.228
8.094316,0.8239,-0.8336,-0.0485,1.173
8.105091,0.8391,-0.7742,-0.0569,1.143
8.114668,0.8109,-0.7342,-0.0574,1.095
8.132528,0.4669,-0.6859,-0.0496,0.831
8.138693,0.4615,-0.6415,-0.0355,0.791
8.145666,0.4548,-0.5988,-0.0180,0.752
8.155322,0.1343,-0.5286,0.0144,0.546
8.164818,-0.6496,-0.4449,0.0469,0.789
8.178605,-1.1741,-0.1451,0.0771,1.186
8.188303,-1.4372,-0.0931,1.0516,1.783
8.196410,-2.0625,0.5517,1.0551,2.381
8.205677,-2.9518,1.2857,1.0204,3.378
8.216162,-2.9374,1.7268,0.9727,3.543
8.225570,-2.9206,2.2208,0.9193,3.782
8.250705,-2.9024,2.7488,0.0047,3.997
8.251533,-2.8831,3.2603,-0.4614,4.377
8.254985,-2.2517,3.7351,-0.5164,4.392
8.265140,-0.1245,3.6252,-0.5798,3.673
8.275118,1.9996,3.5015,-0.6364,4.082
8.284243,2.5665,3.3408,-0.6697,4.266
8.294301,2.5694,3.1621,-0.6940,4.133
8.305166,2.5647,2.2507,-0.7172,3.487
8.314927,2.5529,0.7156,-0.6986,2.742
8.332214,2.5355,-1.2140,0.5038,2.856
8.334747,0.3504,-3.0679,0.5443,3.135
8.345513,-2.6780,-3.1739,0.5721,4.192
8.355514,-2.6922,-3.2393,0.5981,4.254
8.365788,-2.6965,-3.2341,0.6033,4.254
8.375808,-2.6932,-3.1814,0.5865,4.209
8.384421,-2.6833,-2.7345,0.1783,3.835
8.394170,-0.6963,-1.1653,-0.3987,1.415
8.405726,1.4666,0.3815,-0.9750,1.802
8.415568,3.6011,0.5054,-0.9787,3.766
8.425663,5.2845,0.6308,-0.9819,5.412
8.435191,5.2884,0.7494,-0.9763,5.430
8.462950,5.2852,0.8509,-0.9510,5.437
8.463658,5.2704,0.4775,-0.8897,5.366
8.464017,5.2458,-0.1420,-0.7980,5.308
8.474988,4.0958,-0.6476,-0.3140,4.159
8.484646,3.0345,-1.1817,0.5258,3.299
8.495221,2.9872,-1.7650,0.7014,3.540
8.505189,2.9319,-2.4933,0.8926,3.951
8.515206,2.8755,-2.4766,1.3380,4.024
8.525648,2.8214,-2.4349,1.4841,4.011
8.552265,3.0194,-2.3583,1.6063,4.154
8.553221,2.9862,-2.2209,1.6465,4.070
8.554217,2.9810,-1.7263,1.6559,3.822
8.564242,2.9676,-0.6754,1.6300,3.452
8.575981,2.9532,-0.1438,0.5220,3.002
8.584716,2.9387,0.0677,-0.3884,2.965
8.594902,2.8983,0.7652,-0.4197,3.027
8.605610,2.3969,1.6542,-0.4547,2.948
8.615459,2.3531,2.2885,-0.4830,3.318
8.624632,2.2757,2.3255,-0.7768,3.345
8.652080,1.6780,2.2928,-0.6939,2.925
8.653026,1.0667,2.2284,-0.6173,2.547
8.654682,0.3608,2.1379,-0.5383,2.234
8.665235,-0.3306,2.0100,-0.4705,2.091
8.675620,-1.0060,1.8789,-0.0018,2.131
8.684664,-1.5686,1.7456,0.6984,2.449
8.694454,-2.0968,1.6000,0.7514,2.742
8.705152,-2.9262,2.0218,0.8020,3.646
8.715346,-3.6481,2.2528,1.4629,4.530
8.724241,-3.9777,2.4601,1.9185,5.055
8.750767,-4.2438,2.3350,1.8455,5.183
8.751574,-4.2040,2.2044,1.2491,4.908
8.754926,-4.1617,2.0819,0.6140,4.694
8.765802,-4.1184,1.6015,0.5019,4.447
8.775871,-4.1159,1.0779,0.6567,4.305
8.793184,-4.7394,-0.3548,0.7926,4.818
8.807264,-4.6959,-1.0328,0.4092,4.825
8.808018,-4.6543,-1.9888,0.0437,5.062
8.815740,-4.6141,-3.1769,-0.1124,5.603
8.824262,-4.5749,-3.1629,-0.2489,5.567
8.855137,-4.5385,-3.1215,-0.3741,5.521
8.855756,-4.5061,-3.0559,-0.4855,5.466
8.856122,-4.4776,-2.9667,-0.5695,5.401
8.863946,-2.5744,-1.1835,-1.0229,3.012
8.873995,-0.5116,0.4116,-1.0590,1.246
8.884232,-0.5106,0.5226,-1.0955,1.317
8.896112,-0.4611,0.6205,-1.1152,1.357
8.906492,-0.1590,0.7098,-1.1178,1.334
8.915228,0.4115,0.7854,-0.5786,1.059
8.924984,0.4224,0.8015,0.6024,1.088
8.951652,0.4330,0.2908,0.6399,0.826
8.952308,0.4435,-0.1560,0.6911,0.836
8.954940,1.2850,-0.6840,1.0007,1.767
8.965126,2.0047,-0.6937,1.5121,2.605
8.975764,2.5489,-0.7167,2.0184,3.329
8.986255,2.5522,-0.7379,2.0210,3.338
8.994144,2.5738,-0.7446,1.9938,3.340
9.006065,2.5855,-0.7396,1.9536,3.324
9.014988,2.6021,-0.2468,1.8953,3.229
9.024545,2.6234,-0.2061,1.4913,3.025
9.025705,2.6234,-0.2061,1.4913,3.025
9.052171,1.9499,-0.1744,1.0307,2.212
9.052989,1.9699,-0.1416,0.9387,2.187
9.054179,1.9887,-0.1465,0.8620,2.172
9.065779,2.0060,-0.3658,0.7880,2.186
9.074835,3.3832,-0.3117,0.7058,3.470
9.084517,3.3960,-0.2722,0.6454,3.467
9.093932,3.4061,-0.2350,0.5949,3.466
9.106003,3.4140,-0.2009,0.5532,3.464
9.115312,3.4205,0.1832,0.5174,3.464
9.125232,2.9213,0.2232,0.4623,2.966
9.152186,2.3099,0.2320,-1.0343,2.542
9.153149,2.3067,0.2482,-1.0219,2.535
9.154889,2.2982,0.2596,-0.9838,2.513
9.165047,2.2849,-0.0590,-0.9235,2.465
9.175733,2.2404,-0.5288,-0.8475,2.453
9.185808,1.4024,-1.0811,-1.0447,2.056
9.194116,1.3648,-1.8769,-0.9337,2.501
9.206051,1.3388,-1.8421,-0.8374,2.426
9.215386,1.2692,-1.7842,-0.7543,2.316
9.225140,-0.0954,-1.7149,-0.6616,1.841
9.252342,-1.2166,-1.6350,-1.2381,2.385
9.253183,-1.2628,-1.1310,-1.1497,2.048
9.254275,-1.3067,-0.4950,-1.0730,1.762
9.265344,-1.8782,-0.3816,-1.0102,2.167
9.275143,-1.9159,-0.0386,-0.9584,2.143
9.285165,-1.9638,0.0525,-0.8899,2.157
9.294262,-2.4576,0.1329,-0.8437,2.602
9.306337,-2.7975,0.4319,-0.8062,2.943
9.315459,-2.8061,0.4544,-0.7755,2.947
9.325845,-2.8100,0.8771,-0.7506,3.038
9.352851,-2.8093,1.4130,-0.7715,3.238
9.353777,-2.8060,2.3248,-0.7796,3.726
9.354847,-2.0788,3.3660,-1.0596,4.096
9.365545,-2.0718,3.2912,-1.3782,4.126
9.374967,-2.0520,3.1711,-1.8965,4.227
9.385734,-2.0475,3.0574,-1.8668,4.126
9.395269,-2.0448,2.9331,-1.8614,4.031
9.406046,-2.0447,2.4455,-1.8382,3.680
9.415807,-2.0603,0.4206,-1.8150,2.778
9.425090,-2.8411,-1.2366,-1.0694,3.278
9.452747,-2.8473,-1.3266,-0.4465,3.173
9.453612,-2.8543,-1.4168,-0.4107,3.213
9.455143,-2.8614,-1.4960,-0.3771,3.251
9.464942,-2.8681,-1.5585,-0.3461,3.282
9.475277,-2.3277,-1.5319,-0.3344,2.807
9.487686,-1.1996,-0.4735,-0.3139,1.327
9.494756,-0.0164,0.4021,-0.2815,0.491
9.506890,1.1133,1.1619,-0.2653,1.631
9.515643,2.0123,1.1957,-0.2514,2.354
9.524634,2.5973,1.2343,-0.2360,2.885
9.533932,2.9905,1.2618,-0.2041,3.252
9.552015,3.3252,1.2664,-0.1613,3.562
9.554548,3.6405,0.8567,-0.0754,3.741
9.564960,3.6245,0.7953,0.5801,3.756
9.575692,3.6057,0.7140,1.3370,3.911
9.584884,3.5836,0.6253,1.4057,3.900
9.594864,3.5580,0.4882,1.4657,3.879
9.605566,3.5439,-0.0346,1.5267,3.859
9.615535,3.5165,-0.4115,1.5980,3.884
9.624619,3.5024,-0.4917,1.9813,4.054
9.651693,3.4774,-0.5588,2.0443,4.072
9.652416,3.4850,-0.6119,1.8092,3.974
9.654375,3.5003,-0.6493,1.7897,3.985
9.665573,3.5239,-0.6580,1.5354,3.900
9.675010,3.5414,-0.6247,1.2393,3.804
9.687719,3.5637,-0.5888,1.2346,3.817
9.694447,2.6067,-0.5379,1.2019,2.920
9.705299,1.4175,-0.4765,1.1583,1.892
9.715379,0.8549,-0.4220,0.3117,1.003
9.724611,0.8357,-0.3642,0.0131,0.912
9.751186,0.8135,-0.3763,0.0205,0.897
9.751749,0.7882,-0.7168,0.0210,1.066
9.754158,0.5429,-0.7182,0.0256,0.901
9.764776,0.5406,-0.7061,0.0351,0.890
9.775004,0.4825,-0.6933,0.3195,0.903
9.784583,-0.2416,-0.6804,0.3277,0.793
9.794355,-0.7714,-0.6538,0.3410,1.067
9.805642,-1.3920,-0.6267,0.3568,1.568
9.815831,-2.0913,-0.5863,0.3514,2.200
9.825137,-3.2114,-0.0733,0.3417,3.230
9.852203,-3.8647,0.5006,0.3500,3.913
9.852870,-3.8845,0.5622,0.8581,4.018
9.854440,-3.8860,0.9140,0.7950,4.070
9.865116,-3.8725,1.2004,0.1960,4.059
9.876174,-3.8719,1.1909,0.0972,4.052
9.884998,-3.8159,1.1710,0.0075,3.991
9.899409,-3.7601,1.1424,-0.0837,3.931
9.907116,-2.8204,1.1105,0.5072,3.073
9.915064,-2.7950,-0.0635,0.4610,2.833
9.927125,-2.7713,-0.6227,0.3904,2.867
9.952697,-2.7494,-1.4238,-0.4122,3.123
9.953897,-2.7294,-1.8939,-0.4474,3.352
9.954727,-2.7251,-1.9124,-0.1645,3.333
9.965617,-3.4029,-1.9111,-0.2179,3.909
9.974577,-3.4013,-1.8887,-0.5102,3.924
9.985282,-3.3879,-1.8487,-0.9189,3.967
9.994784,-3.3763,-0.2887,-1.3631,3.652
10.006281,-3.3662,0.5133,-1.3947,3.680
10.015724,-0.5111,0.5808,-1.4219,1.619
10.024297,0.8112,0.6363,-1.0574,1.477
10.052014,0.8064,0.6862,-1.0276,1.476
10.052788,0.7992,0.7272,-1.0040,1.475
10.054163,0.7917,-0.1781,0.4911,0.949
10.065327,0.7852,-1.2400,1.0834,1.824
10.074741,0.7803,-1.2178,1.1532,1.850
10.084478,0.7763,-1.1988,1.2060,1.869
10.094289,0.7735,-1.1823,1.2413,1.881
10.105282,0.7725,-1.1681,1.2709,1.891
10.115679,0.8021,-1.1035,1.2746,1.867
10.124233,1.2704,0.0859,1.2274,1.769
10.152686,1.7548,0.8650,1.1849,2.287
10.153542,2.2404,0.9201,1.1243,2.670
10.154290,2.8508,0.9738,1.0689,3.197
10.165461,3.5593,1.0265,1.0035,3.838
10.175565,3.6008,1.0603,0.9083,3.862
10.185377,3.6413,1.0810,0.8452,3.891
10.195074,3.6667,1.0272,0.7763,3.886
10.205824,3.6898,0.6815,0.7452,3.826
10.215896,3.7106,0.3228,0.7651,3.802
10.225634,2.6938,-0.3102,0.7798,2.822
10.253700,2.6965,-0.3609,0.8017,2.836
10.254557,2.6976,-0.4113,0.7609,2.833
10.254892,2.6974,-0.4551,0.7233,2.830
10.265006,2.6966,-0.4911,0.7011,2.829
10.275763,2.6955,-0.5092,0.6790,2.826
10.286425,2.6945,0.5286,0.6423,2.820
10.294381,2.6930,0.5136,-0.5231,2.791
10.304167,2.6900,0.5083,-0.4977,2.782
10.315119,1.2820,0.5109,-0.4783,1.461
10.324164,1.2742,0.5173,-0.4492,1.447
10.351006,1.2507,-0.4386,-0.4127,1.388
10.351994,0.5591,-0.4144,-0.3740,0.790
10.354125,0.1807,-0.4054,-0.3360,0.557
10.365178,-0.2660,-0.3984,-0.2977,0.564
10.374828,-0.5635,-0.3940,-0.2578,0.734
10.384567,-1.4195,0.1619,-0.5180,1.520
10.394816,-3.5807,0.8007,-0.4729,3.699
10.404374,-3.9008,0.7856,-0.4499,4.004
10.416153,-3.9030,0.7704,-0.4423,4.003
10.424744,-3.9021,0.7552,-0.7176,4.039
10.452701,-3.8994,0.7807,-0.7130,4.040
10.453643,-3.8954,0.8060,-0.7264,4.044
10.454459,-2.6378,0.8132,-0.7555,2.862
10.464685,-1.8567,0.8050,-0.7723,2.166
10.475071,-1.8385,0.8097,-1.5922,2.563
10.485001,-1.7957,1.0255,-2.6622,3.371
10.494493,-1.7579,0.9982,-2.6403,3.325
10.505870,-1.7372,0.9526,-2.6208,3.285
10.515668,-1.7327,0.9083,-2.5937,3.249
10.525349,-1.7317,0.8650,-2.5558,3.206
10.553825,-1.7493,0.7933,-2.5030,3.155
10.554943,-2.3557,0.1387,-1.7200,2.920
10.555267,-2.3911,-0.9189,-1.2209,2.838
10.565313,-2.4137,-0.9624,-1.1559,2.844
10.575827,-2.4369,-1.0007,-1.0902,2.851
10.584401,-2.4463,-1.0327,-1.0260,2.847
10.594081,-1.1466,-1.0540,-0.4755,1.628
10.605204,0.1430,-1.0414,0.0669,1.053
10.615314,1.5053,-0.9652,0.1222,1.792
10.625110,2.5706,-0.8782,0.1843,2.723
10.634709,3.3784,-0.7836,0.2293,3.476
10.644158,4.5007,-0.7081,0.8015,4.626
10.670624,5.7998,-0.6101,0.8290,5.890
10.671734,5.7739,-0.5213,0.8649,5.862
10.674246,5.7575,-0.4367,1.4406,5.951
10.685317,5.7499,-0.3692,1.5086,5.956
10.694152,5.7229,-0.3179,1.5345,5.934
10.705815,5.2242,-0.2687,1.1155,5.349
10.716301,4.4321,-0.2229,1.1875,4.594
10.724146,3.8944,-0.1680,1.2657,4.098
10.737435,3.5844,-0.1303,1.3350,3.827
10.744999,3.0844,-0.0825,1.4125,3.393
10.770708,2.4817,-0.0658,1.4740,2.887
10.771628,1.8603,-0.0403,1.5023,2.391
10.774925,1.1267,-0.0201,1.5225,1.894
10.785243,0.3127,-0.0102,1.4727,1.506
10.794143,0.3093,0.0076,1.1506,1.191
10.807906,0.3224,0.0342,0.6869,0.760
10.816688,0.3381,0.0834,0.6675,0.753
10.824861,0.3679,0.3308,-0.0062,0.495
10.853235,0.3539,0.3291,-0.6463,0.807
10.853912,0.3514,0.3512,-0.6554,0.822
10.855304,0.3456,0.3700,-0.6706,0.840
10.865523,0.3366,0.3858,-0.6790,0.850
10.875205,0.3253,0.3995,-0.6825,0.855
10.884440,-0.2041,0.4257,0.3371,0.580
10.894613,-0.9794,0.7225,0.3366,1.263
10.908337,-2.4760,1.1632,0.3354,2.756
10.915397,-4.6091,1.1374,0.3281,4.759
10.924842,-4.5973,1.5221,0.3075,4.852
10.953414,-4.5810,1.4644,0.2496,4.816
10.954386,-4.5600,1.7554,0.1808,4.890
10.954769,-4.5335,1.6871,0.0984,4.838
10.964742,-2.9937,1.6170,0.0243,3.403
10.975203,-2.2304,1.5494,-0.0520,2.716
10.985438,-2.2009,1.4803,0.8733,2.792
10.994549,-2.1688,-0.1943,0.8363,2.333
11.005597,-2.1370,-1.5604,0.7973,2.764
11.015277,-2.1054,-2.9267,1.4513,3.886
11.025052,-4.4092,-3.3809,1.3783,5.725
11.038281,-4.3699,-3.3585,1.3025,5.663
11.044326,-4.3459,-3.3185,1.2150,5.601
11.069282,-4.3104,-3.2586,0.4490,5.422
11.070304,-4.2895,-3.1662,0.3083,5.340
11.075102,-4.2588,-0.1053,0.1865,4.264
11.085296,-0.5546,2.3212,-0.3639,2.414
11.094319,0.8849,2.3958,-0.4303,2.590
11.104833,0.9037,2.4623,-0.4995,2.670
11.114479,0.9454,2.5117,-0.5550,2.741
11.125832,1.6506,2.5317,-0.5946,3.080
11.138407,1.7010,-0.1602,1.2235,2.101
11.146229,1.7373,-2.2566,2.2938,3.657
11.169971,1.7736,-2.2447,2.2747,3.655
11.170938,1.7689,-2.2487,2.2423,3.635
11.174671,1.4934,-2.2553,2.2039,3.489
11.187680,1.5055,-2.2645,2.1586,3.472
11.194177,1.5169,-0.8986,1.1741,2.118
11.204084,1.9360,0.1025,0.2847,1.960
11.215115,2.2042,0.1549,0.2017,2.219
11.226357,2.1993,0.2253,-0.0876,2.213
11.238146,2.2078,0.3092,-0.1246,2.233
11.244731,2.9099,0.4184,-0.1813,2.945
11.269758,4.1808,0.5276,-0.2291,4.220
11.270873,4.1821,0.5686,-0.2639,4.229
11.276201,4.1769,0.5830,-0.2480,4.225
11.284748,4.1648,0.1828,-0.1889,4.173
11.294591,4.1489,0.1562,-0.0923,4.153
11.306063,3.4231,0.1188,-0.0007,3.425
11.316748,1.9195,0.0929,0.0810,1.923
11.324531,1.8858,0.0647,0.1785,1.895
11.337399,1.8516,0.0371,0.2340,1.867
11.344588,1.8154,0.0527,-1.1371,2.143
11.368502,1.7765,0.0707,-1.0454,2.062
11.369445,1.7351,0.0770,-0.9488,1.979
11.374750,1.7049,0.0841,-0.8484,1.906
11.387324,1.6755,0.1005,-0.7702,1.847
11.394111,1.6337,0.1228,-0.6866,1.776
11.408733,1.6066,0.1446,-0.5811,1.715
11.414432,0.7507,0.1640,-0.4693,0.900
11.423900,-0.4019,0.1787,-0.0938,0.450
11.436769,-1.5380,0.1756,-0.0265,1.548
11.444626,-2.3972,1.0085,0.3433,2.623
11.469650,-3.3452,1.5525,0.3854,3.708
11.470638,-4.4729,2.0512,0.4016,4.937
11.474880,-4.4755,1.9923,0.3974,4.915
11.485162,-4.4581,1.9367,0.3629,4.874
11.494004,-4.4366,2.1437,-0.0101,4.927
11.504308,-4.3999,2.0845,-0.6344,4.910
11.515042,-4.1336,2.0063,-1.8960,4.971
11.524790,-2.0318,1.8967,-1.9257,3.381
11.535901,-1.1315,1.7640,-1.9640,2.872
11.543856,-1.1325,1.4154,-1.9988,2.698
11.565612,-1.1111,1.3244,-2.0220,2.660
11.566165,-1.1078,0.1192,-1.9933,2.284
11.574830,-1.1098,-0.9410,-1.9508,2.434
11.584128,-1.1343,-1.0046,-1.5961,2.201
11.594730,-1.1531,-1.0470,-1.5305,2.184
11.604524,-1.1890,-1.0745,-1.4685,2.174
11.616180,-1.2127,-1.0904,-1.3620,2.125
11.624308,-1.2386,-1.0769,-1.2627,2.071
11.637594,-0.3135,-1.0121,-0.8839,1.380
11.644599,0.5857,-0.9463,-0.8091,1.376
11.671769,1.4320,-0.8765,-0.2228,1.694
11.672518,2.1721,-0.7826,0.4915,2.360
11.674922,2.8488,-0.6784,1.1115,3.132
11.685529,3.5002,-0.5726,1.1659,3.733
11.695040,3.4859,-0.4735,1.2006,3.717
11.708790,3.4723,-0.3671,1.2456,3.707
11.714573,3.4604,0.1517,1.5447,3.793
11.725427,3.4502,0.2250,1.5939,3.807
11.734682,2.9794,0.2888,1.6235,3.405
11.744906,2.7154,0.3440,1.6201,3.181
11.772136,2.6852,0.3779,1.6256,3.162
11.772978,2.4250,0.4059,1.6414,2.956
11.774381,2.4004,0.4300,1.6482,2.943
11.785548,2.3804,0.4358,1.6443,2.926
11.795125,2.3641,0.4478,1.6188,2.900
11.804730,2.3640,0.4644,1.5466,2.863
11.816262,2.3646,0.4711,1.0649,2.636
11.824636,2.4038,0.4553,0.2751,2.462
11.838551,2.4405,0.4348,0.2678,2.493
11.844213,2.4762,0.4126,0.2354,2.521
11.870640,2.4974,0.3769,0.2184,2.535
11.871597,2.5176,0.3289,0.2034,2.547
11.874426,2.0028,0.2965,0.5106,2.088
11.885304,0.6257,0.2531,0.5283,0.857
11.894144,-0.5763,0.2252,0.5507,0.828
11.906023,-0.5941,0.1853,0.5747,0.847
11.916160,-0.6113,0.1344,0.5969,0.865
11.924213,-0.6542,0.1000,0.6427,0.923
11.937009,-1.2113,0.0822,0.8978,1.510
11.945032,-1.2175,0.0540,0.8929,1.511
11.969956,-1.6121,0.0290,0.8576,1.826
11.970968,-3.4694,0.0476,0.8012,3.561
11.975166,-4.4360,0.5142,0.7294,4.525
11.975788,-4.4360,0.5142,0.7294,4.525
11.985505,-4.4182,0.8406,0.6320,4.542
11.994931,-4.3875,0.8237,-0.2967,4.474
12.006716,-4.3586,0.8043,-0.3649,4.447
12.016028,-2.5893,0.7853,-0.4404,2.741
12.024494,-2.2387,0.7676,0.2513,2.380
12.037910,-2.2169,-0.5424,0.2115,2.292
12.044906,-2.1968,-1.4548,0.1347,2.638
12.069380,-2.1784,-2.7193,0.1165,3.486
12.070403,-2.1605,-2.7093,0.3455,3.483
12.074661,-5.2196,-2.6700,0.2850,5.870
12.084872,-5.2009,-2.6167,0.2250,5.826
12.094573,-5.1842,-2.5604,0.1421,5.784
12.107856,-5.1692,-2.2068,-0.2367,5.626
12.114489,-5.1561,0.8605,-1.2926,5.385
12.125155,-1.1953,1.6072,-1.3215,2.400
12.137826,0.7068,1.6792,-1.3721,2.281
12.144155,0.7109,1.7311,-1.3917,2.332
12.168522,0.7106,1.7548,-1.3945,2.351
12.169734,0.7094,1.7766,-0.3028,1.937
12.174716,1.3079,-0.5684,0.9386,1.707
12.184306,1.3075,-2.1155,1.1980,2.760
12.194301,1.3066,-2.1124,1.2009,2.759
12.205663,1.3049,-2.1083,1.2071,2.758
12.216068,1.3023,-2.1031,1.2163,2.756
12.224280,1.8302,-2.0941,1.2273,3.040
12.237381,1.8554,-0.7982,1.2312,2.365
12.244100,1.8834,0.2805,0.8811,2.098
12.273193,1.9254,0.9218,0.5428,2.203
12.273997,2.3090,0.9769,0.1863,2.514
12.274339,2.7484,1.0225,0.1359,2.936
12.286658,2.7389,1.0746,0.0811,2.943
12.295558,2.7419,1.1251,0.0430,2.964
12.305378,2.7430,0.4871,0.0131,2.786
12.315093,3.1641,-0.1576,-0.0065,3.168
12.338673,3.1886,-0.3946,0.5290,3.256
12.339711,3.5517,-0.3927,0.5466,3.615
12.343931,3.5455,-0.4083,0.5756,3.615
12.354967,3.1433,-0.4280,0.6092,3.230
12.365840,2.7262,-0.4464,0.6465,2.837
12.374339,2.3887,-0.1992,-0.2780,2.413
12.400860,2.3623,0.5026,-0.5836,2.485
12.401845,2.3475,0.4989,-0.5433,2.461
12.405060,1.3507,0.4956,-0.4995,1.523
12.415610,1.3189,0.4968,-0.7918,1.617
12.425951,1.2983,0.5046,-0.7114,1.564
12.437380,1.2768,0.0665,-0.6442,1.432
12.444116,1.2553,0.0765,-0.2787,1.288
12.471138,2.6909,0.0831,-0.1993,2.700
12.472148,2.6690,0.0856,-0.1202,2.673
12.474221,2.6477,0.0852,0.8283,2.776
12.484246,2.6265,0.5063,0.9033,2.823
12.494365,2.6069,1.0049,0.9735,2.959
12.505430,0.9022,1.3848,1.0477,1.957
12.516172,-1.2457,1.6972,1.0930,2.372
12.524381,-3.3104,1.6670,1.0882,3.863
12.534149,-4.9009,1.6138,1.0398,5.263
12.544074,-5.9387,1.5562,0.9544,6.213
12.569159,-5.9233,1.4924,0.4317,6.124
12.570315,-5.8922,1.6677,0.3219,6.132
12.574825,-5.8602,1.5945,-0.0269,6.073
12.587651,-5.8155,1.5060,-0.4467,6.024
12.594923,-3.8689,1.9043,-1.2645,4.494
12.606048,-2.1879,2.3263,-2.3375,3.958
12.616294,-2.1745,2.2448,-2.4281,3.958
12.625200,-2.1668,2.1384,-2.4895,3.933
12.637473,-2.1625,2.0519,-2.5415,3.917
12.644210,-2.1620,1.9709,-2.5687,3.893
12.670993,-3.5841,1.0334,-2.5762,4.533
12.672087,-3.5950,-1.3237,-1.8436,4.252
12.674818,-3.6078,-3.1709,-0.6525,4.847
12.685089,-3.6218,-3.1756,-0.5951,4.853
12.695030,-3.6356,-3.1643,-0.5327,4.849
12.704803,-2.0829,-3.1312,-0.4670,3.790
12.715347,-0.4061,-3.0735,-0.4029,3.126
12.726381,1.0968,-2.3801,-0.3197,2.640
12.734696,2.3014,-1.1948,-0.2828,2.608
12.744843,3.1658,-0.0019,-0.2631,3.177
12.770419,3.7844,0.6779,-0.2451,3.852
12.771466,3.7756,0.7912,-0.2288,3.864
12.774249,3.7645,0.9051,-0.2099,3.878
12.785339,3.7494,1.0009,-0.1280,3.883
12.795239,3.7286,1.0616,0.3235,3.890
12.807886,2.9279,0.8039,0.7717,3.133
12.816532,2.8998,0.4892,0.8634,3.065
12.824604,2.8696,0.4170,0.9605,3.055
12.837891,2.8407,0.0913,1.2980,3.125
12.844294,2.8124,0.0212,1.3864,3.136
12.872508,3.7378,-0.0397,1.4716,4.017
12.873813,3.7395,-0.1129,1.5482,4.049
12.876436,3.7599,-0.1648,1.5970,4.088
12.885821,3.7598,-0.2076,1.6423,4.108
12.894852,3.7806,0.0026,1.6564,4.128
12.909264,3.7948,0.3266,1.6674,4.158
12.915594,2.6424,0.8177,1.3404,3.074
12.924173,1.3396,0.7955,0.5244,1.644
12.938659,0.6069,0.7755,0.5301,1.118
12.945232,0.6114,0.7543,0.5182,1.101
12.969799,0.6161,0.7267,0.5049,1.078
12.970710,0.6200,0.6643,0.4927,1.034
12.976107,0.6237,0.0539,0.4804,0.789
12.984341,1.0091,-0.4310,0.4535,1.187
12.994216,1.0414,-0.9906,0.4518,1.507
13.005936,1.0611,-1.0389,0.6797,1.633
13.014518,1.0954,-1.0661,0.6607,1.665
13.025665,1.1165,-1.0975,0.6553,1.697
13.038494,1.1374,-1.1066,0.6377,1.710
13.045711,-0.0808,-1.0951,0.5792,1.241
13.070416,-1.6248,0.3003,0.2463,1.671
13.071214,-2.8938,1.0463,0.7109,3.158
13.074258,-3.4102,1.1001,0.6758,3.646
13.087035,-3.4323,1.1498,0.3161,3.634
13.094859,-3.4531,1.1757,-0.0488,3.648
13.105388,-4.0448,1.1890,-0.0920,4.217
13.117275,-4.2954,1.1605,-0.1534,4.452
13.125701,-4.5864,1.1070,0.0811,4.719
13.135345,-5.1626,-0.4707,0.0257,5.184
13.145856,-5.1661,-1.5503,-0.0459,5.394
13.171575,-5.1692,-2.5085,-0.1466,5.748
13.172448,-5.1734,-2.5028,-0.7207,5.792
13.174750,-5.1652,-2.4832,-0.7735,5.783
13.184657,-5.1590,-2.4503,-0.8336,5.772
13.194862,-5.1553,-2.4006,-1.3481,5.844
13.205566,-3.5060,1.0389,-1.8697,4.107
13.215902,-0.1982,1.5066,-1.8921,2.427
13.224742,-0.1912,1.5494,-1.9133,2.469
13.234878,-0.1911,1.5891,-1.9112,2.493
13.244717,-0.1971,1.6244,-1.8890,2.499
13.271004,-0.2046,1.6461,-0.1053,1.662
13.271956,-0.2381,-1.1138,1.6463,2.002
13.274621,-0.2694,-1.7802,1.9872,2.682
13.288850,-0.2840,-1.7695,2.0043,2.689
13.294561,-0.2957,-1.7623,1.9977,2.680
13.305742,-0.3044,-1.7587,1.9813,2.667
13.315637,1.2152,-1.7584,1.9547,2.896
13.325096,2.6296,-0.8145,1.5748,3.171
13.338347,3.7885,-0.0200,0.9912,3.916
13.344890,3.7923,0.4968,0.9142,3.932
13.370964,3.8259,0.5462,0.8248,3.952
13.371916,3.8489,0.6070,0.7058,3.960
13.374419,3.8693,0.6766,0.5910,3.972
13.384640,3.3128,0.7378,0.5054,3.431
13.394512,3.3234,0.2522,0.4402,3.362
13.405689,3.3284,-0.1448,0.4140,3.357
13.414380,3.3286,-0.5687,0.4250,3.403
13.426189,3.3246,-0.5525,0.4828,3.405
13.438421,3.3181,-0.5684,0.5384,3.409
13.444066,3.3107,-0.5716,0.5978,3.412
13.472113,3.3029,-0.5735,0.6443,3.414
13.473047,3.2952,-0.2470,0.6896,3.376
13.474130,1.8991,-0.2328,0.7310,2.048
13.488278,1.8929,-0.1978,0.7139,2.033
13.494744,1.8873,-0.1419,0.1458,1.898
13.504782,1.8819,0.1949,0.1468,1.898
13.515195,1.8765,0.2482,-0.2212,1.906
13.524190,1.8713,0.2855,-0.4947,1.957
13.535336,1.8662,0.3158,-0.4819,1.953
13.544346,1.8607,0.2978,-0.4929,1.948
13.571531,1.8532,0.2730,-0.8631,2.062
13.572139,1.4740,-0.2105,-1.6116,2.194
13.574566,0.0260,-0.5930,-1.5454,1.655
13.584171,0.0039,-0.5933,-1.4665,1.582
13.594579,-0.0466,-0.5913,-1.3864,1.508
13.605012,-0.1268,-0.5898,-1.3004,1.434
13.615095,-0.9570,-0.5851,-0.9290,1.456
13.624257,-1.0217,-0.5342,0.8875,1.455
13.637936,-1.2863,-0.4767,0.9435,1.665
13.644828,-1.6128,-0.2094,0.9790,1.898
13.670296,-3.5770,0.6940,0.9836,3.774
13.671006,-3.5728,1.4885,0.9700,3.990
13.674973,-3.5634,2.0355,0.1542,4.107
13.684185,-3.5500,2.7243,-0.8061,4.547
13.694638,-3.5358,3.4960,-1.8323,5.299
13.704862,-3.5358,3.8342,-2.3500,5.721
13.716669,-3.5234,3.7293,-2.3872,5.659
13.724136,-3.5272,3.6070,-2.9359,5.837
13.738671,-3.5349,3.4700,-2.9455,5.763
13.744025,-3.5359,3.3214,-2.9391,5.672
13.768406,-4.1419,1.3091,-2.4046,4.965
13.769531,-4.1523,-0.8785,-2.3817,4.867
13.775149,-4.1655,-2.9783,-2.3260,5.624
13.784272,-4.1835,-3.6903,-1.2864,5.725
13.794090,-4.2021,-4.0208,-1.2074,5.940
13.806802,-3.0871,-4.0431,-0.2887,5.095
13.815687,-1.4098,-4.0280,-0.2480,4.275
13.824757,0.6652,-3.9615,-0.2117,4.023
13.837031,1.9365,-3.8310,-0.6918,4.348
13.844585,2.4459,-3.3253,-0.0197,4.128
13.869150,2.8725,-2.5295,0.0073,3.828
13.870298,2.8611,0.2281,0.0155,2.870
13.874689,3.4575,2.1729,0.0269,4.084
13.889440,3.4371,2.3374,0.0428,4.157
13.894798,3.3872,2.4634,0.0649,4.189
13.910528,3.3474,2.5444,0.1296,4.207
13.913788,3.3349,2.5771,1.0207,4.336
13.924332,3.3071,1.8164,1.1216,3.936
13.934971,3.3066,0.9233,1.2155,3.642
13.944118,3.2952,0.3548,1.3194,3.567
13.954097,3.2738,0.2646,1.4001,3.570
13.965109,3.2280,0.1548,1.4736,3.552
13.975400,3.1994,0.0253,1.5232,3.544
13.985711,3.1583,-0.1034,1.5380,3.514
13.993960,2.6559,0.1269,0.6991,2.749
14.005628,2.2239,0.5389,0.7233,2.400
14.015525,1.9301,0.4754,0.7410,2.121
14.024126,1.6654,0.4106,0.7532,1.873
14.040083,1.6633,0.3767,0.7570,1.866
14.045079,1.6491,0.3997,0.7577,1.858
14.072426,1.6231,0.6474,0.7546,1.903
14.073188,1.3405,0.6354,0.7058,1.643
14.074380,1.3170,0.6063,0.6697,1.597
14.084361,0.6796,0.3255,0.6354,0.986
14.096058,0.4225,0.2828,0.6030,0.789
14.105976,0.1788,0.2481,0.5840,0.659
14.114252,-0.1711,-0.0854,0.5587,0.590
14.125846,-0.2052,-1.3376,0.1874,1.366
14.135288,-0.5377,-1.3671,-0.3766,1.517
14.144089,-1.0873,-1.3951,0.1483,1.775
14.174381,-1.9485,-1.3886,0.4256,2.430
14.175447,-2.7480,-1.3619,1.0010,3.226
14.175847,-3.5143,-1.3104,0.9628,3.872
14.184382,-5.0244,0.4786,0.8968,5.126
14.194052,-6.8718,2.3171,0.1934,7.254
14.205732,-8.6482,2.3268,0.0658,8.956
14.215778,-8.6117,2.3228,-0.0141,8.919
14.225269,-8.5738,2.3076,0.4166,8.889
14.235016,-8.5358,2.2817,0.3389,8.842
14.244036,-8.4979,1.6311,0.2430,8.656
14.274658,-7.8609,0.2964,0.1152,7.867
14.275510,-2.2299,0.2264,-0.6845,2.344
14.275869,2.0884,0.1716,-0.5323,2.162
14.285126,2.1105,0.1102,-0.6108,2.200
14.294881,2.1252,0.0500,-0.6696,2.229
14.306369,2.1345,-0.0199,-0.7384,2.259
14.314643,2.1377,2.0622,-1.3874,3.278
14.325216,0.0378,2.0052,-1.3781,2.433
14.338734,-0.9094,1.9475,-1.3661,2.547
14.344380,-0.9222,1.8882,-0.8472,2.266
14.373981,-0.9406,1.8266,-0.7747,2.196
14.374794,-0.9635,1.4730,0.1396,1.766
14.375180,-0.9892,0.2002,0.9898,1.414
14.385407,-0.0163,-0.9286,1.5669,1.821
14.394227,0.8507,-1.8453,1.9172,2.794
14.404683,1.6733,-2.7272,2.3243,3.955
14.415534,2.4410,-2.7376,2.3048,4.332
14.425161,2.4553,-2.7282,2.2633,4.312
14.438527,2.4810,-2.6846,2.1973,4.265
14.444178,2.5162,-2.6046,2.1096,4.191
14.471605,2.5566,-2.4939,1.6681,3.942
14.472564,1.8092,-1.8403,1.5159,2.993
14.474578,1.1962,-1.6465,0.7759,2.178
14.484778,1.2180,-1.2395,0.3699,1.777
14.495208,1.2471,-1.0702,0.2332,1.660
14.505549,1.2421,-0.9007,0.1094,1.538
14.516206,0.8901,-0.7404,-0.0023,1.158
14.525089,0.9015,-0.5838,-0.1064,1.079
14.534271,0.9085,-0.4460,-0.1982,1.031
14.544094,0.8942,-0.3187,-0.5418,1.093
14.573274,0.1655,-0.2194,-1.0299,1.066
14.574068,0.1422,-0.1408,-1.0249,1.044
14.574582,0.1046,-0.0885,-1.0143,1.024
14.584087,-0.1937,-0.0454,-0.9938,1.014
14.595664,-0.2068,-0.0103,-0.9552,0.977
14.604403,-0.2471,-0.2935,-0.9163,0.993
14.614696,-0.3010,-0.6069,-0.8375,1.077
14.624197,-0.7087,-0.6093,-0.7744,1.214
14.639303,-0.9797,-0.5997,-0.6999,1.345
14.644307,-0.9916,-0.6051,-0.6414,1.327
14.669472,-1.0030,-0.5978,-0.5987,1.312
14.670147,-1.0280,-0.6035,-1.1566,1.661
14.675828,-1.0803,-0.5519,-1.1029,1.640
14.689412,-1.1326,0.1151,-1.0644,1.558
14.694778,-1.1709,0.7950,-1.0277,1.749
14.706671,-1.1950,1.2128,-0.9926,1.971
14.716857,-3.3809,1.2313,2.2578,4.248
14.724490,-5.0072,1.7417,2.8614,6.024
14.738262,-4.9899,1.7051,3.1907,6.163
14.744834,-4.9651,1.9928,3.3854,6.331
14.771150,-4.9348,2.3590,3.2863,6.381
14.772152,-4.9010,2.2751,3.1692,6.264
14.775056,-3.4092,2.2066,2.3877,4.711
14.785303,-2.0261,3.1560,2.2483,4.373
14.795078,-0.3716,4.0958,2.0986,4.617
14.806734,1.5376,3.9422,0.6809,4.286
14.816796,2.4341,3.7754,0.5010,4.520
14.824245,2.4535,3.5983,0.3326,4.368
14.841225,2.4642,3.4093,0.1829,4.211
14.844618,2.4659,2.9241,0.0550,3.825
14.873948,2.4597,0.8467,-0.0356,2.602
14.874687,1.3865,-1.3205,0.6694,2.028
14.875058,0.1897,-3.0025,0.6167,3.071
14.884048,0.1513,-3.1115,0.5824,3.169
14.896972,0.1293,-3.1851,0.5590,3.236
14.905116,0.1119,-3.2199,0.5442,3.267
14.914968,0.1023,-3.1925,-0.1361,3.197
14.924349,0.0979,-1.8429,-0.9321,2.068
14.934471,0.7885,-0.4417,-1.7485,1.968
14.944258,1.0573,0.7532,-1.7316,2.164
14.971990,1.0668,0.8550,-1.7343,2.208
14.972865,1.0743,0.9636,-2.1024,2.550
14.974333,1.0787,1.0665,-2.0913,2.583
14.974868,1.0787,1.0665,-2.0913,2.583
14.985312,1.0791,0.4738,-2.3398,2.620
14.995383,1.0594,0.0853,-2.2203,2.462
15.008394,1.0451,-0.2022,-2.0811,2.338
15.015489,1.0257,-0.2521,-1.9157,2.188
15.024416,0.9892,-0.7193,-1.7584,2.142
15.035301,1.4118,-0.7596,-1.5814,2.252
15.046320,2.0632,-0.8052,-1.1319,2.487
15.054779,2.2776,-0.8509,-0.9888,2.625
15.064837,2.2464,-0.8909,-0.8518,2.562
15.089328,2.2152,-0.9077,-0.7202,2.500
15.090383,2.1849,-0.8676,-0.5946,2.425
15.095399,2.1555,-0.5388,-0.7467,2.344
15.105490,2.0856,-0.4763,-0.9183,2.328
15.114510,1.7847,-0.4079,-1.1911,2.184
15.125159,1.7158,-0.3340,-1.1423,2.088
15.138675,1.6469,-0.2581,-1.0706,1.981
15.146503,1.5635,-0.1721,-1.0011,1.865
15.156850,1.4925,0.1116,-0.9327,1.764
15.164908,1.4335,0.1568,-0.8641,1.681
15.189284,1.1140,0.1826,-0.7677,1.365
15.190291,0.6719,0.2051,0.0335,0.703
15.197194,0.0671,0.2097,0.1211,0.251
15.205725,-0.2345,0.2294,0.1963,0.382
15.216202,-0.3002,0.2542,0.2580,0.470
15.224673,-0.3475,0.2603,0.3066,0.532
15.238222,-0.4029,0.2364,0.3406,0.578
15.245456,-0.8615,-0.1831,-0.4694,0.998
15.271694,-1.5480,-0.1934,-1.5469,2.197
15.272636,-2.8730,-0.2019,-1.5252,3.259
15.275005,-2.8743,-1.2196,-1.5217,3.473
15.288620,-2.8728,-2.6632,-1.5361,4.208
15.294577,-2.8697,-2.6047,-1.5393,4.170
15.305604,-2.8643,-2.5490,0.1141,3.836
15.315217,-0.0661,-2.4920,1.2474,2.788
15.325715,-0.0588,-2.4242,1.2469,2.727
15.335043,-0.0495,-1.3378,1.8260,2.264
15.345453,-0.0405,0.8267,1.8457,2.023
15.375281,-0.0312,2.7620,1.8494,3.324
15.377852,-1.9191,4.3651,1.8153,5.102
15.379510,-3.2100,6.4950,1.7259,7.448
15.434000,-3.1749,6.4288,1.6225,7.351
15.435148,-3.1368,6.3157,1.5061,7.211
15.435790,-3.0982,6.1502,1.4317,7.034
15.436362,-3.0610,5.9384,1.8591,6.935
15.437058,0.5627,3.9227,1.7278,4.323
15.437665,3.0609,0.3202,2.6167,4.040
15.445199,3.0713,0.0658,2.4839,3.951
15.455170,3.0727,-0.1830,2.3544,3.875
15.466066,3.0673,-0.4165,2.2296,3.815
15.475171,3.0579,-0.6289,2.1080,3.767
15.506675,0.0781,-0.7864,0.7782,1.109
15.507527,0.0678,0.6501,-1.4303,1.573
15.507969,0.0577,0.5446,-1.5001,1.597
15.515184,0.0488,0.4709,-1.5454,1.616
15.525448,0.0418,0.4249,-1.5684,1.625
15.534650,0.0361,0.4103,-1.5602,1.614
15.544066,1.8984,-0.2964,-0.3973,1.962
15.554527,1.8966,-2.0017,0.4272,2.790
15.565279,1.8980,-3.6353,0.4681,4.128
15.582579,1.9030,-4.5759,0.5075,4.982
15.587165,1.9136,-4.4811,0.5507,4.904
15.594411,0.9618,-4.3540,0.6144,4.501
15.615662,0.0378,-4.2188,0.6467,4.268
15.616751,-0.1996,-4.0578,-0.0261,4.063
15.626293,-0.1691,-3.1302,-0.2524,3.145
15.634939,-0.1383,-2.2721,-0.2183,2.287
15.648277,-0.1104,-2.0485,-0.2042,2.062
15.655071,-0.0843,-1.8138,-0.1993,1.827
15.664360,0.1969,-1.5744,-0.2016,1.599
15.688450,0.2402,-1.3443,-0.1910,1.379
15.689556,0.5227,-1.0963,-0.1819,1.228
15.695755,0.5546,-0.8907,-0.1706,1.063
15.705815,0.5821,-0.7125,-0.1547,0.933
15.715660,0.6069,-0.5590,-0.1358,0.836
15.725813,0.6161,-0.0177,-0.3727,0.720
15.734756,0.6233,0.0748,-0.3980,0.743
15.745458,0.6157,0.1481,-0.7179,0.957
15.755959,0.5665,0.2015,-0.7198,0.938
15.764764,0.5304,0.2391,-0.7180,0.924
15.788908,0.4940,0.2516,-0.6997,0.893
15.789867,0.4570,-0.0015,-0.6922,0.829
15.794253,0.4328,-0.0004,-0.6543,0.785
15.805162,0.4623,-0.0024,-0.6405,0.790
15.816453,0.9129,-0.0065,-0.6097,1.098
15.825213,0.8857,-0.0394,-0.5348,1.035
15.834275,0.8710,-0.0732,-0.4435,0.980
15.845447,0.8561,-0.1063,-0.0664,0.865
15.855905,0.8415,-0.1246,-0.0046,0.851
15.864039,0.7870,-0.1418,0.0531,0.801
15.890789,0.7472,-0.1171,0.1063,0.764
15.891775,0.6950,-0.1039,0.1552,0.720
15.895498,0.6573,-0.0876,0.4864,0.822
15.904846,0.6207,0.4882,1.4269,1.631
15.914418,0.5739,1.9451,1.9214,2.794
15.925870,-0.4702,1.9419,1.9098,2.764
15.935179,-2.2918,1.9017,1.8632,3.513
15.944378,-3.9664,2.1668,2.3152,5.078
15.954521,-3.9458,2.6861,2.5403,5.407
15.965072,-3.9084,3.3886,2.4493,5.723
15.989734,-3.8699,3.3111,2.3315,5.601
15.990898,-3.8322,3.2062,2.2030,5.461
15.996039,-3.7968,3.0775,2.0390,5.296
16.006116,-2.5263,2.9401,1.5180,4.163
16.014370,-1.0454,2.7997,-0.2174,2.996
16.025183,-0.6069,2.6626,-0.3451,2.753
16.035050,-0.5968,2.5291,-0.4592,2.639
16.044130,-0.5919,1.7339,-0.5611,1.916
16.055634,-0.5906,-0.0577,-0.6522,0.882
16.064383,-0.5919,-1.8718,0.2789,1.983
16.089704,-0.9491,-2.4940,0.2467,2.680
16.090634,-0.9501,-2.5348,0.2029,2.715
16.095932,-0.9487,-2.5430,0.1854,2.721
16.104211,-0.9448,-2.5214,0.1796,2.699
16.117110,-0.9393,-2.4693,-0.4636,2.682
16.130013,0.3469,-1.4319,-0.4556,1.542
16.139549,1.4970,-0.6057,-0.8689,1.834
16.144415,2.6469,-0.0290,-1.3874,2.989
16.171349,2.6512,0.1275,-1.7833,3.198
16.172202,2.6528,0.2784,-1.7440,3.187
16.174354,2.6515,0.4054,-1.6880,3.169
16.184536,2.6462,0.5164,-1.6366,3.154
16.196035,2.1689,0.5787,-1.5412,2.723
16.207341,1.3845,0.5949,-1.4384,2.083
16.216487,0.7745,0.5696,-1.3205,1.633
16.224281,0.7478,0.5200,-1.2150,1.518
16.234709,0.7163,0.2318,-1.0748,1.312
16.248260,0.6817,0.1910,-0.9462,1.182
16.255541,0.6044,0.1324,-0.8197,1.027
16.264787,0.5407,0.0620,-0.7136,0.897
16.274517,0.5054,-0.0041,-0.6166,0.797
16.332313,0.4865,-0.0508,-0.5181,0.713
16.333332,0.4725,-0.4150,-0.4365,0.766
16.333810,0.6944,-0.4845,-0.3957,0.935
16.334238,0.6481,-0.8742,-0.3811,1.153
16.334647,0.5915,-0.8653,-0.3625,1.109
16.335160,0.5508,-0.8622,-0.5673,1.170
16.345110,0.5395,-0.8609,-0.5167,1.140
16.355305,0.5435,-0.8341,-0.4823,1.106
16.364888,0.5488,-0.7564,-0.4765,1.049
16.375998,0.5542,-0.1301,-0.4576,0.730
16.409377,0.5591,-0.0758,-0.4516,0.723
16.410285,0.5767,-0.0233,-0.4171,0.712
16.410788,0.5932,0.0131,-0.3811,0.705
16.415716,0.5951,0.0455,-0.3437,0.689
16.425693,0.5961,0.0738,-0.3054,0.674
16.434614,0.5966,0.0845,-0.2671,0.659
16.444131,0.5696,-0.3569,-0.2022,0.702
16.455358,0.5432,-1.1548,-0.1530,1.285
16.465268,-0.0815,-1.1371,-0.0800,1.143
16.474654,-0.7724,-1.1208,0.2739,1.389
16.509111,-0.7806,-1.1059,0.2961,1.386
16.510153,-0.7873,-1.0902,0.3145,1.381
16.510827,-0.7892,-1.0477,0.3226,1.351
16.514726,-0.7880,-0.6441,0.3235,1.068
16.524733,-0.4032,-0.5466,0.2922,0.739
16.535176,-0.3569,-0.4562,0.2695,0.639
16.544105,-0.1049,-0.3764,0.2426,0.460
16.555206,-0.0560,-0.2950,0.2124,0.368
16.565393,-0.0064,-0.2011,0.1791,0.269
16.573902,0.0304,0.0908,0.1703,0.195
16.597771,0.0266,0.1441,0.1598,0.217
16.598458,0.0221,0.1782,0.1367,0.226
16.604332,0.0031,0.2086,0.1427,0.253
16.615044,-0.0032,0.2319,0.1645,0.284
16.623803,-0.0237,0.2444,0.1606,0.293
16.634263,-0.0451,0.2458,0.1859,0.311
16.644603,-0.0537,0.2385,0.2139,0.325
16.654880,-0.0772,0.2533,0.2313,0.352
16.664112,-0.0879,0.2651,0.2373,0.366
16.694793,-0.0988,0.2749,0.2712,0.399
16.695694,-0.1096,0.2698,0.2908,0.412
16.695983,-0.1198,0.2648,0.2953,0.414
16.703629,-0.1157,0.3011,0.2975,0.439
16.714294,-0.0971,0.6227,0.2975,0.697
16.724142,-0.0643,0.6023,0.2957,0.674
16.733707,-0.0584,0.5799,0.2927,0.652
16.743996,-0.0387,0.5555,0.2887,0.627
16.753771,-0.0190,0.5290,0.2707,0.595
16.764372,-0.0266,0.4870,0.2662,0.556
16.775489,-0.0208,0.4299,0.2483,0.497
16.786713,-0.0153,0.3583,0.2444,0.434
16.795405,-0.0102,0.2865,0.2411,0.375
16.804480,-0.0190,0.2289,0.2383,0.331
16.816306,-0.0144,0.1723,0.2359,0.293
16.824162,-0.0237,0.1308,0.2340,0.269
16.835128,-0.0194,0.1060,0.2323,0.256
16.845679,-0.0015,0.0980,0.2309,0.251
16.855977,0.0027,0.0790,0.2297,0.243
16.865797,0.0069,0.0758,0.2425,0.254
16.875718,-0.0026,0.0611,0.2283,0.236
16.909520,0.0015,0.0494,0.2280,0.233
16.910413,-0.0080,0.0411,0.2280,0.232
16.910908,-0.0310,0.0354,0.2283,0.233
16.920140,-0.0541,0.0314,0.2151,0.224
16.924376,-0.0635,0.0012,0.2157,0.225
16.934326,-0.0729,-0.0283,0.2027,0.217
16.945255,-0.0823,-0.0572,0.2032,0.227
16.955341,-0.0917,-0.0718,0.1764,0.211
16.964396,-0.1010,-0.0858,0.1633,0.210
16.988873,-0.0968,-0.0991,0.1367,0.195
16.989897,-0.0927,-0.0845,0.1105,0.167
16.995368,-0.1024,-0.0693,0.0714,0.143
17.004650,-0.0851,-0.0533,0.0331,0.106
17.016697,-0.0817,-0.0231,0.0230,0.088
